Company_Code,Vendor_Number,Vendor_Name,Vendor_PAN,Clearing_Date,Clearing_Document,Assignment_Number,Fiscal_Year,Document_Number,Line_Item,Reference_Document_Number,Reference_Fiscal_Year,Reference_Line_Item,Posting_Date,Document_Date,Currency_Key,Reference_Document,Document_Type,Debit_Credit,Local_Amount,Document_Amount,Line_Item_Text,GL_Account,special_gl_transaction_type,special_gl_indicator,Baseline_Date_For_Payment,Payment_Terms,Withholding_Tax_Base_Amount,Withholding_Tax_Amount,withholding_tax_type,withholding_tax_code,wtax_rate,tax_base_percentage,tds_rate,official_withholding_tax_key,tds_description
1001,DIT00472AD,THE AUTOMOTIVE RESEARCH,27AAATT1989P1ZL,2026-03-20,2610635427,THE AUTOMOTIVE RES,2026,2511187688,003,,0000,000,2026-03-16,2026-02-20,INR,2526115285,KR,H,-799521.98,-799521.98,EXT. CERT. SCORPIO-N DIESEL MT 130PS FOR ENGG. CHA,0016060001,,,2026-03-16,D017,677561,0,,,,,,,
1001,DIT00472AD,THE AUTOMOTIVE RESEARCH,27AAATT1989P1ZL,2026-01-30,1066999079,3400826821,2026,3190794362,001,3190754990,2026,001,2026-01-29,2025-12-23,INR,2526112469,RE,S,1082650,1082650,LDC-100% TDS NOT DEDUCED.,0016060001,,,2026-01-29,IM12,917500,0,JI,J3,10.0,100,10,94JB,ProfServFee@10%IndHUFFIRNS393(1)6(iii(b)
1001,DIT00472AD,THE AUTOMOTIVE RESEARCH,27AAATT1989P1ZL,2025-07-11,2610259979,3400791371,2026,3183743730,001,,0000,000,2025-07-09,2025-06-27,INR,2526104409,RE,H,-546136,-546136,LDC-100% TDS Not deducted.,0016060001,,,2025-07-09,IM12,462827.12,0,JI,J3,10.0,100,10,94JB,ProfServFee@10%IndHUFFIRNS393(1)6(iii(b)
1001,DIT00472AD,THE AUTOMOTIVE RESEARCH,27AAATT1989P1ZL,2025-12-09,2610480121,,2026,2610480121,001,,0000,000,2025-12-09,2025-12-09,INR,,KZ,S,3448550,3448550,,0016060001,,,2025-12-09,,2922500,0,,,,,,,
1001,DIT00472AD,THE AUTOMOTIVE RESEARCH,27AAATT1989P1ZL,2026-02-10,2610572687,THE AUTOMOTIVE RES,2026,2511037276,003,,0000,000,2026-02-02,2025-12-31,INR,2526112850,KR,H,-4238021.92,-4238021.92,BASE CERT. FOR VEERO CNG-Certification,0016060001,,,2026-02-02,D017,3591544,0,JI,J3,10.0,100,10,94JB,ProfServFee@10%IndHUFFIRNS393(1)6(iii(b)
1001,DIT00472AD,THE AUTOMOTIVE RESEARCH,27AAATT1989P1ZL,2026-04-02,2610104208,THE AUTOMOTIVE RES,2026,2511248108,004,,0000,000,2026-03-31,2026-03-24,INR,2526117365,KR,H,-392502.22,-392502.22,WVSCOP TESTING OF P118 2T MODEL-Wvscop testing,0016060001,,,2026-03-31,D017,332629,0,,,,,,,
1001,DIT00472AD,THE AUTOMOTIVE RESEARCH,27AAATT1989P1ZL,2026-01-30,2610556425,THE AUTOMOTIVE RES,2026,2510999725,003,,0000,000,2026-01-21,2026-01-06,INR,2526113083,KR,H,-65151.34,-65151.34,AIS096 STEERING HFI M310 &W610-Certification,0016060001,,,2026-01-21,D017,55213,0,JI,J3,10.0,100,10,94JB,ProfServFee@10%IndHUFFIRNS393(1)6(iii(b)
1001,DIT00472AD,THE AUTOMOTIVE RESEARCH,27AAATT1989P1ZL,2025-11-29,2610470651,THE AUTOMOTIVE RES,2026,2510816374,003,,0000,000,2025-11-20,2025-11-06,INR,2526110012,KR,H,-41932.48,-41932.48,RECHRISTENING CERT. FOR 4 MODELS.-Certification,0016060001,,,2025-11-20,D017,35536,0,JI,J3,10.0,100,10,94JB,ProfServFee@10%IndHUFFIRNS393(1)6(iii(b)
1001,DIT00472AD,THE AUTOMOTIVE RESEARCH,27AAATT1989P1ZL,2025-11-29,2610470651,THE AUTOMOTIVE RES,2026,2510839785,003,,0000,000,2025-11-28,2025-11-14,INR,2526110407,KR,H,-115314.32,-115314.32,CHARGES TOWARDS RE-CHRISTENING CERTIFICATE FOR 11-,0016060001,,,2025-11-28,D017,97724,0,JI,J3,10.0,100,10,94JB,ProfServFee@10%IndHUFFIRNS393(1)6(iii(b)
1001,DIT00472AD,THE AUTOMOTIVE RESEARCH,27AAATT1989P1ZL,2025-11-29,2610470651,THE AUTOMOTIVE RES,2026,2510816373,003,,0000,000,2025-11-20,2025-11-06,INR,2526110009,KR,H,-62898.72,-62898.72,RECHRISTENING CERT. FOR 6 MODELS.-Certification,0016060001,,,2025-11-20,D017,53304,0,JI,J3,10.0,100,10,94JB,ProfServFee@10%IndHUFFIRNS393(1)6(iii(b)
1001,DIT00472AD,THE AUTOMOTIVE RESEARCH,27AAATT1989P1ZL,2026-01-12,2610530804,THE AUTOMOTIVE RES,2026,2510964085,003,,0000,000,2026-01-06,2025-10-06,INR,2526108885,KR,H,-247974.64,-247974.64,PBN TESTS AT VRDE AND MSPT WITH BOLERO MAXX PUP-Ce,0016060001,,,2026-01-06,D017,210148,0,JI,J3,10.0,100,10,94JB,ProfServFee@10%IndHUFFIRNS393(1)6(iii(b)
1001,DIT00472AD,THE AUTOMOTIVE RESEARCH,27AAATT1989P1ZL,2025-11-29,2610470651,,2026,2610470651,001,,0000,000,2025-11-29,2025-11-29,INR,,KZ,S,4590753.42,4590753.42,,0016060001,,,2025-11-29,,3890469,0,,,,,,,
1001,DIT00472AD,THE AUTOMOTIVE RESEARCH,27AAATT1989P1ZL,2026-03-30,2610649278,THE AUTOMOTIVE RES,2026,2511219820,003,,0000,000,2026-03-26,2026-03-24,INR,2526117394,KR,H,-772900,-772900,MSPT TEST TRACK CERTIFICATION CHARGES-Certificatio,0016060001,,,2026-03-26,D017,655000,0,,,,,,,
1001,DIT00472AD,THE AUTOMOTIVE RESEARCH,27AAATT1989P1ZL,2026-02-10,2610572687,THE AUTOMOTIVE RES,2026,2511037282,003,,0000,000,2026-02-02,2025-12-22,INR,2526112362,KR,H,-25470.3,-25470.3,COMP. CERT. THAR & VAR FOR COMP. TO G.S.R 290 (E)-,0016060001,,,2026-02-02,D017,21585,0,JI,J3,10.0,100,10,94JB,ProfServFee@10%IndHUFFIRNS393(1)6(iii(b)
1001,DIT00472AD,THE AUTOMOTIVE RESEARCH,27AAATT1989P1ZL,2026-02-24,2610595109,,2026,2610595109,001,,0000,000,2026-02-24,2026-02-24,INR,,KZ,S,536634.5,536634.5,,0016060001,,,2026-02-24,,454775,0,,,,,,,
1001,DIT00472AD,THE AUTOMOTIVE RESEARCH,27AAATT1989P1ZL,2026-03-13,2610623277,3400809597,2026,3192256078,001,,0000,000,2026-03-12,2026-03-05,INR,2526116138,RE,H,-858501.92,-858501.92,LDC-100%,0016060001,,,2026-03-12,IM12,727544,0,,,,,,,
1001,DIT00472AD,THE AUTOMOTIVE RESEARCH,27AAATT1989P1ZL,2026-01-30,2610556425,THE AUTOMOTIVE RES,2026,2510999733,003,,0000,000,2026-01-21,2025-09-27,INR,2526108230,KR,H,-33545.04,-33545.04,SLF EXT. REPORT AS PER AIS-018 BOLERO PIK-Certific,0016060001,,,2026-01-21,D017,28428,0,JI,J3,10.0,100,10,94JB,ProfServFee@10%IndHUFFIRNS393(1)6(iii(b)
1001,DIT00472AD,THE AUTOMOTIVE RESEARCH,27AAATT1989P1ZL,2025-12-22,2610501832,THE AUTOMOTIVE RES,2026,2510882500,003,,0000,000,2025-12-10,2025-12-01,INR,2526111289,KR,H,-436361.64,-436361.64,AIS 047 AND AIS029 TESTING ON SCORPIO PIK UP N1 CA,0016060001,,,2025-12-10,D017,369798,0,JI,J3,10.0,100,10,94JB,ProfServFee@10%IndHUFFIRNS393(1)6(iii(b)
1001,DIT00472AD,THE AUTOMOTIVE RESEARCH,27AAATT1989P1ZL,2026-03-04,2610607848,,2026,2610607848,001,,0000,000,2026-03-04,2026-03-04,INR,,KZ,S,1985479.8,1985479.8,,0016060001,,,2026-03-04,,1682610,0,,,,,,,
1001,DIT00472AD,THE AUTOMOTIVE RESEARCH,27AAATT1989P1ZL,2026-01-30,1066999079,3400826821,2026,3190754990,001,,0000,000,2026-01-29,2025-12-23,INR,2526112469,RE,H,-1082650,-1082650,LDC-100% TDS NOT DEDUCED.,0016060001,,,2026-01-29,IM12,917500,0,JI,J3,10.0,100,10,94JB,ProfServFee@10%IndHUFFIRNS393(1)6(iii(b)
1001,DIT00472AD,THE AUTOMOTIVE RESEARCH,27AAATT1989P1ZL,2026-01-27,2610551793,3400830126,2026,3190608668,001,,0000,000,2026-01-24,2025-12-22,INR,2526112386,RE,H,-1381279.85,-1381279.85,LDC-1005 TDS not deducted.,0016060001,,,2026-01-24,IM12,1170576.15,0,JI,J3,10.0,100,10,94JB,ProfServFee@10%IndHUFFIRNS393(1)6(iii(b)
1001,DIT00472AD,THE AUTOMOTIVE RESEARCH,27AAATT1989P1ZL,2025-12-22,2610501832,THE AUTOMOTIVE RES,2026,2510873272,003,,0000,000,2025-12-09,2025-11-28,INR,2526111221,KR,H,-185262.36,-185262.36,EXTENSION CERTIFICATE FOR ADDITION OF TYRE FOR 6 M,0016060001,,,2025-12-09,D017,157002,0,JI,J3,10.0,100,10,94JB,ProfServFee@10%IndHUFFIRNS393(1)6(iii(b)
1001,DIT00472AD,THE AUTOMOTIVE RESEARCH,27AAATT1989P1ZL,2026-03-20,2610635427,THE AUTOMOTIVE RES,2026,2511187693,003,,0000,000,2026-03-16,2026-02-13,INR,2526114935,KR,H,-812598.74,-812598.74,EXT. CERT. THAR AXT D MT 2WD 4S HT & VAR. FOR ENGG,0016060001,,,2026-03-16,D017,688643,0,,,,,,,
1001,DIT00472AD,THE AUTOMOTIVE RESEARCH,27AAATT1989P1ZL,2026-01-30,2610556425,,2026,2610556425,001,,0000,000,2026-01-30,2026-01-30,INR,,KZ,S,5601832.88,5601832.88,,0016060001,,,2026-01-30,,4747316,0,,,,,,,
1001,DIT00472AD,THE AUTOMOTIVE RESEARCH,27AAATT1989P1ZL,2026-03-20,2610635427,THE AUTOMOTIVE RES,2026,2511187681,003,,0000,000,2026-03-16,2026-02-18,INR,2526115204,KR,H,-1326652.76,-1326652.76,EXT. CERT. THAR ROXX MX1 D MT RWD FOR ENGG. CHANGE,0016060001,,,2026-03-16,D017,1124282,0,,,,,,,
1001,DIT00472AD,THE AUTOMOTIVE RESEARCH,27AAATT1989P1ZL,2026-01-30,2610556425,THE AUTOMOTIVE RES,2026,2510999738,003,,0000,000,2026-01-21,2025-12-26,INR,2526112569,KR,H,-25470.3,-25470.3,EXTN. CERT. FOR ADDITION OF MIRROR  BOLERO CAMPER-,0016060001,,,2026-01-21,D017,21585,0,JI,J3,10.0,100,10,94JB,ProfServFee@10%IndHUFFIRNS393(1)6(iii(b)
1001,DIT00472AD,THE AUTOMOTIVE RESEARCH,27AAATT1989P1ZL,2025-11-29,2610470651,THE AUTOMOTIVE RES,2026,2510816376,003,,0000,000,2025-11-20,2025-11-12,INR,2526110271,KR,H,-10133.84,-10133.84,XUV700 AIS096 STEERING HFI EXT.-Certification,0016060001,,,2025-11-20,D017,8588,0,JI,J3,10.0,100,10,94JB,ProfServFee@10%IndHUFFIRNS393(1)6(iii(b)
1001,DIT00472AD,THE AUTOMOTIVE RESEARCH,27AAATT1989P1ZL,2026-01-30,2610557932,,2026,2610557932,001,,0000,000,2026-01-30,2026-01-30,INR,,KZ,S,413000,413000,,0016060001,,,2026-01-30,,0,0,,,,,,,
1001,DIT00472AD,THE AUTOMOTIVE RESEARCH,27AAATT1989P1ZL,2026-01-30,2610556425,THE AUTOMOTIVE RES,2026,2510999741,003,,0000,000,2026-01-21,2025-12-29,INR,2526112677,KR,H,-31449.36,-31449.36,CHARGES TOWARDS RECHRISTENING CERTIFICATE FOR 3 MO,0016060001,,,2026-01-21,D017,26652,0,JI,J3,10.0,100,10,94JB,ProfServFee@10%IndHUFFIRNS393(1)6(iii(b)
1001,DIT00472AD,THE AUTOMOTIVE RESEARCH,27AAATT1989P1ZL,2025-11-29,2610470651,THE AUTOMOTIVE RES,2026,2510816369,003,,0000,000,2025-11-20,2025-11-06,INR,2526109963,KR,H,-62898.72,-62898.72,RE-CHRISTENING CERT. FOR 6 MODELS-Certification,0016060001,,,2025-11-20,D017,53304,0,JI,J3,10.0,100,10,94JB,ProfServFee@10%IndHUFFIRNS393(1)6(iii(b)
1001,DIT00472AD,THE AUTOMOTIVE RESEARCH,27AAATT1989P1ZL,2026-02-20,2610588161,THE AUTOMOTIVE RES,2026,2511080426,003,,0000,000,2026-02-12,2026-01-05,INR,2526114420,KR,H,-206154.26,-206154.26,FAMILY CERT.  XUV3XO EV FOR ADDITION OF NEW VARIAN,0016060001,,,2026-02-12,D017,174707,0,JI,J3,10.0,100,10,94JB,ProfServFee@10%IndHUFFIRNS393(1)6(iii(b)
1001,DIT00472AD,THE AUTOMOTIVE RESEARCH,27AAATT1989P1ZL,2026-02-20,2610588161,THE AUTOMOTIVE RES,2026,2511079725,003,,0000,000,2026-02-11,2026-02-03,INR,2526114245,KR,H,-21962.16,-21962.16,SBA EXTENSION REPORT FOR THAR ROXX.-Certification,0016060001,,,2026-02-11,D017,18612,0,JI,J3,10.0,100,10,94JB,ProfServFee@10%IndHUFFIRNS393(1)6(iii(b)
1001,DIT00472AD,THE AUTOMOTIVE RESEARCH,27AAATT1989P1ZL,2026-02-20,2610588161,THE AUTOMOTIVE RES,2026,2511080424,003,,0000,000,2026-02-12,2026-02-06,INR,2526114569,KR,H,-236615.96,-236615.96,"EXT. CERT. TO ADD OPT. OF FRONT & 2ND ROW SEAT, AL",0016060001,,,2026-02-12,D017,200522,0,JI,J3,10.0,100,10,94JB,ProfServFee@10%IndHUFFIRNS393(1)6(iii(b)
1001,DIT00472AD,THE AUTOMOTIVE RESEARCH,27AAATT1989P1ZL,2026-01-30,2610556425,THE AUTOMOTIVE RES,2026,2510999905,003,,0000,000,2026-01-21,2025-09-09,INR,2526107584,KR,H,-227574.8,-227574.8,"AIS100, IS15223 AND AIS096 ETA-Certification",0016060001,,,2026-01-21,D017,192860,0,JI,J3,10.0,100,10,94JB,ProfServFee@10%IndHUFFIRNS393(1)6(iii(b)
1001,DIT00472AD,THE AUTOMOTIVE RESEARCH,27AAATT1989P1ZL,2025-12-31,2610518006,,2026,2610518006,001,,0000,000,2025-12-31,2025-12-31,INR,,KZ,S,476755.4,476755.4,,0016060001,,,2025-12-31,,404030,0,,,,,,,
1001,DIT00472AD,THE AUTOMOTIVE RESEARCH,27AAATT1989P1ZL,2026-01-30,2610556425,,2026,2610556425,002,,0000,000,2026-01-30,2026-01-30,INR,,KZ,S,558400.78,558400.78,,0016060001,,,2026-01-30,,473221,0,,,,,,,
1001,DIT00472AD,THE AUTOMOTIVE RESEARCH,27AAATT1989P1ZL,2025-11-20,2610452716,THE AUTOMOTIVE RES,2026,2510793290,003,,0000,000,2025-11-12,2025-09-30,INR,2526108754,KR,H,-905513.12,-905513.12,FAMILY CERT. FOR BOLERO PIK-UP FOR ENGG. CHANGES-C,0016060001,,,2025-11-12,D017,767384,0,JI,J3,10.0,100,10,94JB,ProfServFee@10%IndHUFFIRNS393(1)6(iii(b)
1001,DIT00472AD,THE AUTOMOTIVE RESEARCH,27AAATT1989P1ZL,2026-01-30,2610556425,THE AUTOMOTIVE RES,2026,2511004084,003,,0000,000,2026-01-22,2026-01-07,INR,2526113154,KR,H,-105028.26,-105028.26,TEST OF MSCL AS PER AIS 075 FOR SCORPIO PIK-UP MOD,0016060001,,,2026-01-22,D017,89007,0,JI,J3,10.0,100,10,94JB,ProfServFee@10%IndHUFFIRNS393(1)6(iii(b)
1001,DIT00472AD,THE AUTOMOTIVE RESEARCH,27AAATT1989P1ZL,2026-03-24,2610638472,3400830981,2026,3192568033,001,,0000,000,2026-03-21,2026-03-10,INR,2010060508,RE,H,-962734.86,-962734.86,LDC-110% TDS NOT DEDUCTED,0016060001,,,2026-03-21,IM12,815877,0,,,,,,,
1001,DIT00472AD,THE AUTOMOTIVE RESEARCH,27AAATT1989P1ZL,2025-10-31,2610423423,,2026,2610423423,001,,0000,000,2025-10-31,2025-10-31,INR,,KZ,S,1362900,1362900,,0016060001,,,2025-10-31,,1155000,0,,,,,,,
1001,DIT00472AD,THE AUTOMOTIVE RESEARCH,27AAATT1989P1ZL,2026-03-20,2610635427,THE AUTOMOTIVE RES,2026,2511187694,003,,0000,000,2026-03-16,2026-03-04,INR,2526116001,KR,H,-100635.12,-100635.12,SPEED LIMITER EXT. REPORT AS PER AIS-018 THAR ROXX,0016060001,,,2026-03-16,D017,85284,0,,,,,,,
1001,DIT00472AD,THE AUTOMOTIVE RESEARCH,27AAATT1989P1ZL,2026-01-30,2610556425,THE AUTOMOTIVE RES,2026,2511008598,003,,0000,000,2026-01-24,2025-12-01,INR,2526110935,KR,H,-225797.72,-225797.72,SLF TEST AS PER AIS-018-Certification,0016060001,,,2026-01-24,D017,191354,0,JI,J3,10.0,100,10,94JB,ProfServFee@10%IndHUFFIRNS393(1)6(iii(b)
1001,DIT00472AD,THE AUTOMOTIVE RESEARCH,27AAATT1989P1ZL,2026-03-20,2610630523,3400823245,2026,3192475702,001,,0000,000,2026-03-18,2026-02-05,INR,2526114431,RE,H,-1178348,-1178348,LDC-100 % - TDS NOT DEDUCTED,0016060001,,,2026-03-18,IM12,998600,0,,,,,,,
1001,DIT00472AD,THE AUTOMOTIVE RESEARCH,27AAATT1989P1ZL,2025-10-31,2610422002,THE AUTOMOTIVE RES,2026,2510725854,003,,0000,000,2025-10-28,2025-10-15,INR,2526109335,KR,H,-76410.9,-76410.9,CHARGES TOWARDS COMPLIANCE CERT. FOR SLF FOR 3 MOD,0016060001,,,2025-10-28,D017,64755,0,JI,J3,10.0,100,10,94JB,ProfServFee@10%IndHUFFIRNS393(1)6(iii(b)
1001,DIT00472AD,THE AUTOMOTIVE RESEARCH,27AAATT1989P1ZL,2025-06-24,2610230212,,2026,2610230212,001,,0000,000,2025-06-24,2025-06-24,INR,,KZ,S,480934.8,480934.8,,0016060001,,,2025-06-24,,445310,0,,,,,,,
1001,DIT00472AD,THE AUTOMOTIVE RESEARCH,27AAATT1989P1ZL,2026-01-12,2610530804,THE AUTOMOTIVE RES,2026,2510964089,003,,0000,000,2026-01-06,2025-12-30,INR,2526112738,KR,H,-10133.84,-10133.84,AIS096 STEERING PERFORMANCE FOR MODEL SCORPIO-Cert,0016060001,,,2026-01-06,D017,8588,0,JI,J3,10.0,100,10,94JB,ProfServFee@10%IndHUFFIRNS393(1)6(iii(b)
1001,DIT00472AD,THE AUTOMOTIVE RESEARCH,27AAATT1989P1ZL,2026-02-10,2610572687,THE AUTOMOTIVE RES,2026,2511051901,003,,0000,000,2026-02-05,2026-01-23,INR,2526113967,KR,H,-305181.04,-305181.04,EXTN. CERT. FOR 8 MODELS FOR ENGG. CHANGES W.R.T C,0016060001,,,2026-02-05,D017,258628,0,JI,J3,10.0,100,10,94JB,ProfServFee@10%IndHUFFIRNS393(1)6(iii(b)
1001,DIT00472AD,THE AUTOMOTIVE RESEARCH,27AAATT1989P1ZL,2025-11-29,2610470651,THE AUTOMOTIVE RES,2026,2510816379,003,,0000,000,2025-11-20,2025-07-21,INR,2526105544,KR,H,-136920.12,-136920.12,SPEED LIMITER TEST AS PER AIS-018 FOR BOL MAXX PUP,0016060001,,,2025-11-20,D017,116034,0,JI,J3,10.0,100,10,94JB,ProfServFee@10%IndHUFFIRNS393(1)6(iii(b)
1001,DIT00472AD,THE AUTOMOTIVE RESEARCH,27AAATT1989P1ZL,2026-01-30,2610556425,THE AUTOMOTIVE RES,2026,2510999723,003,,0000,000,2026-01-21,2026-01-05,INR,2526113039,KR,H,-25470.3,-25470.3,EXT. CERT. FOR ADDITION OF REAR REGISTRATION PLATE,0016060001,,,2026-01-21,D017,21585,0,JI,J3,10.0,100,10,94JB,ProfServFee@10%IndHUFFIRNS393(1)6(iii(b)
1001,DIT00472AD,THE AUTOMOTIVE RESEARCH,27AAATT1989P1ZL,2026-02-24,2610595109,3400818086,2026,3191545925,001,,0000,000,2026-02-20,2025-11-11,INR,2526110202,RE,H,-536634.5,-536634.5,D72 Engine fan performance trail with Radiator-int,0016060001,,,2026-02-20,C005,454775,0,JI,J3,10.0,100,10,94JB,ProfServFee@10%IndHUFFIRNS393(1)6(iii(b)
1001,DIT00472AD,THE AUTOMOTIVE RESEARCH,27AAATT1989P1ZL,2026-02-10,2610572687,THE AUTOMOTIVE RES,2026,2511048468,003,,0000,000,2026-02-04,2026-01-16,INR,2526113609,KR,H,-324304.12,-324304.12,IS15223.AMD 01 GRAB HANDLE-Certification,0016060001,,,2026-02-04,D017,274834,0,JI,J3,10.0,100,10,94JB,ProfServFee@10%IndHUFFIRNS393(1)6(iii(b)
1001,DIT00472AD,THE AUTOMOTIVE RESEARCH,27AAATT1989P1ZL,2026-03-30,2610649278,THE AUTOMOTIVE RES,2026,2511202964,003,,0000,000,2026-03-21,2026-03-10,INR,2526116404,KR,H,-127351.5,-127351.5,"EXT. CERT.ADN.D OF MAKE FOR HEAD LAMP BULB, DIRECT",0016060001,,,2026-03-21,D017,107925,0,,,,,,,
1001,DIT00472AD,THE AUTOMOTIVE RESEARCH,27AAATT1989P1ZL,2026-03-17,2610625965,,2026,2610625965,001,,0000,000,2026-03-17,2026-03-17,INR,,KZ,S,1433113.54,1433113.54,,0016060001,,,2026-03-17,,1214503,0,,,,,,,
1001,DIT00472AD,THE AUTOMOTIVE RESEARCH,27AAATT1989P1ZL,2025-10-31,2610422002,THE AUTOMOTIVE RES,2026,2510719302,003,,0000,000,2025-10-24,2025-09-25,INR,2526108458,KR,H,-831900,-831900,G20-CON ROD  DURABILITY TEST-R&d testing,0016060001,,,2025-10-24,D017,705000,0,JI,J3,10.0,100,10,94JB,ProfServFee@10%IndHUFFIRNS393(1)6(iii(b)
1001,DIT00472AD,THE AUTOMOTIVE RESEARCH,27AAATT1989P1ZL,2025-11-29,2610470651,THE AUTOMOTIVE RES,2026,2510840054,003,,0000,000,2025-11-28,2025-11-14,INR,2526110408,KR,H,-20966.24,-20966.24, CHARGES TOWARDS RE-CHRISTENING CERTIFICATE FOR 2-,0016060001,,,2025-11-28,D017,17768,0,JI,J3,10.0,100,10,94JB,ProfServFee@10%IndHUFFIRNS393(1)6(iii(b)
1001,DIT00472AD,THE AUTOMOTIVE RESEARCH,27AAATT1989P1ZL,2026-01-23,2610549325,3400830125,2026,3190492011,001,,0000,000,2026-01-21,2025-12-05,INR,2526111568,RE,H,-5047450,-5047450,LDC-100% TDS NOT DEDUCTED,0016060001,,,2026-01-21,IM12,4277500,0,JI,J3,10.0,100,10,94JB,ProfServFee@10%IndHUFFIRNS393(1)6(iii(b)
1001,DIT00472AD,THE AUTOMOTIVE RESEARCH,27AAATT1989P1ZL,2025-10-10,2610391939,THE AUTOMOTIVE RES,2026,2510650798,003,,0000,000,2025-10-03,2025-09-15,INR,2526107890,KR,H,-521098.62,-521098.62,"TEST CHARGES- GRADEABILITY, FORDABILITY, SIDE SLOP",0016060001,,,2025-10-03,D017,441609,0,JI,J3,10.0,100,10,94JB,ProfServFee@10%IndHUFFIRNS393(1)6(iii(b)
1001,DIT00472AD,THE AUTOMOTIVE RESEARCH,27AAATT1989P1ZL,2026-03-20,2610635427,THE AUTOMOTIVE RES,2026,2511187673,003,,0000,000,2026-03-16,2026-02-17,INR,2526115083,KR,H,-1158806.02,-1158806.02,EXT. CERT. THAR ROXX MX5 D AT 4WD FOR ENGG. CHANGE,0016060001,,,2026-03-16,D017,982039,0,,,,,,,
1001,DIT00472AD,THE AUTOMOTIVE RESEARCH,27AAATT1989P1ZL,2025-10-31,2610422002,,2026,2610422002,001,,0000,000,2025-10-31,2025-10-31,INR,,KZ,S,2574162.92,2574162.92,,0016060001,,,2025-10-31,,2181494,0,,,,,,,
1001,DIT00472AD,THE AUTOMOTIVE RESEARCH,27AAATT1989P1ZL,2025-06-24,2610230212,3400794644,2026,3183226287,001,,0000,000,2025-06-20,2025-06-12,INR,2526103633,RE,H,-480934.8,-480934.8,Technical Testing and Analysis Services,0016060001,,,2025-06-20,IM12,445310,44531,JI,J3,0.0,100,10,94JB,ProfServFee@10%IndHUFFIRNS393(1)6(iii(b)
1001,DIT00472AD,THE AUTOMOTIVE RESEARCH,27AAATT1989P1ZL,2025-10-31,2610423778,3400819809,2026,3187743354,001,,0000,000,2025-10-29,2025-09-24,INR,2526108390,RE,H,-867300,-867300,Chassis Dynamometer Utilization on Mahindra vehicl,0016060001,,,2025-10-29,C005,735000,0,JI,J3,10.0,100,10,94JB,ProfServFee@10%IndHUFFIRNS393(1)6(iii(b)
1001,DIT00472AD,THE AUTOMOTIVE RESEARCH,27AAATT1989P1ZL,2026-02-20,2610588161,,2026,2610588161,001,,0000,000,2026-02-20,2026-02-20,INR,,KZ,S,3592400.26,3592400.26,,0016060001,,,2026-02-20,,3044407,0,,,,,,,
1001,DIT00472AD,THE AUTOMOTIVE RESEARCH,27AAATT1989P1ZL,2026-02-03,2610564282,,2026,2610564282,001,,0000,000,2026-02-03,2026-02-03,INR,,KZ,S,1952900,1952900,,0016060001,,,2026-02-03,,1655000,0,,,,,,,
1001,DIT00472AD,THE AUTOMOTIVE RESEARCH,27AAATT1989P1ZL,2025-12-22,2610501832,THE AUTOMOTIVE RES,2026,2510892050,003,,0000,000,2025-12-12,2025-12-05,INR,2526111502,KR,H,-140048.3,-140048.3,SCORPIO PIK UP ARMY HVAC TEST (N1 CATEGORY) AS PER,0016060001,,,2025-12-12,D017,118685,0,JI,J3,10.0,100,10,94JB,ProfServFee@10%IndHUFFIRNS393(1)6(iii(b)
1001,DIT00472AD,THE AUTOMOTIVE RESEARCH,27AAATT1989P1ZL,2025-11-21,2610456645,3400811861,2026,3188524102,001,,0000,000,2025-11-20,2025-11-18,INR,2526110515,RE,H,-3951247.7,-3951247.7,LDC-100 %,0016060001,,,2025-11-20,IM12,3348515,0,JI,J3,10.0,100,10,94JB,ProfServFee@10%IndHUFFIRNS393(1)6(iii(b)
1001,DIT00472AD,THE AUTOMOTIVE RESEARCH,27AAATT1989P1ZL,2026-01-30,2610556425,THE AUTOMOTIVE RES,2026,2511004083,003,,0000,000,2026-01-22,2025-09-27,INR,2526108187,KR,H,-242950.2,-242950.2,DEMIST AND DEFROST TEST AS PER AIS084 PART 1 AND P,0016060001,,,2026-01-22,D017,205890,0,JI,J3,10.0,100,10,94JB,ProfServFee@10%IndHUFFIRNS393(1)6(iii(b)
1001,DIT00472AD,THE AUTOMOTIVE RESEARCH,27AAATT1989P1ZL,2025-12-12,2610487643,,2026,2610487643,001,,0000,000,2025-12-12,2025-12-12,INR,,KZ,S,4087071,4087071,,0016060001,,,2025-12-12,,3463619.4,0,,,,,,,
1001,DIT00472AD,THE AUTOMOTIVE RESEARCH,27AAATT1989P1ZL,2025-11-17,1062506414,511124210156,2026,3380616017,002,,0000,000,2025-11-14,2025-11-14,INR,511124210156,SK,H,-230249.86,-230249.86,RECEIPT FROM ARAI-511124210156,0016060001,,,2025-11-14,D017,0,0,,,,,,,
1001,DIT00472AD,THE AUTOMOTIVE RESEARCH,27AAATT1989P1ZL,2025-10-20,2610410410,THE AUTOMOTIVE RES,2026,2510700981,003,,0000,000,2025-10-16,2025-09-19,INR,2526108135,KR,H,-230249.86,-230249.86,C. G. & TURNOVER TESTS FOR SCORPIO PIK UP N1 CATEG,0016060001,,,2025-10-16,D017,195127,0,JI,J3,10.0,100,10,94JB,ProfServFee@10%IndHUFFIRNS393(1)6(iii(b)
1001,DIT00472AD,THE AUTOMOTIVE RESEARCH,27AAATT1989P1ZL,2025-12-12,2610487643,3400801416,2026,3189188622,001,,0000,000,2025-12-09,2025-12-05,INR,2526111562,RE,H,-2104671,-2104671,LDC-100%  TDS Not deducted,0016060001,,,2025-12-09,IM12,1783619.4,0,,,,,,,
1001,DIT00472AD,THE AUTOMOTIVE RESEARCH,27AAATT1989P1ZL,2026-03-20,2610629897,THE AUTOMOTIVE RES,2026,2511173874,003,,0000,000,2026-03-11,2026-01-23,INR,2526113963,KR,H,-460200,-460200,H1R CRANKCASE DURABILITY TEST-Testing,0016060001,,,2026-03-11,D017,390000,0,,,,,,,
1001,DIT00472AD,THE AUTOMOTIVE RESEARCH,27AAATT1989P1ZL,2026-01-12,2610530804,THE AUTOMOTIVE RES,2026,2510964087,003,,0000,000,2026-01-06,2025-12-31,INR,2526112806,KR,H,-39962.35,-39962.35,DOCUMENTATION CHARGES (FOR SOFTWARE UPDATION)XUV3X,0016060001,,,2026-01-06,D017,33866,0,JI,J3,10.0,100,10,94JB,ProfServFee@10%IndHUFFIRNS393(1)6(iii(b)
1001,DIT00472AD,THE AUTOMOTIVE RESEARCH,27AAATT1989P1ZL,2026-02-17,2610582703,,2026,2610582703,001,,0000,000,2026-02-17,2026-02-17,INR,,KZ,S,4027302.34,4027302.34,,0016060001,,,2026-02-17,,3412968.08,0,,,,,,,
1001,DIT00472AD,THE AUTOMOTIVE RESEARCH,27AAATT1989P1ZL,2025-11-20,2610452716,3400820049,2026,3188089662,001,,0000,000,2025-11-08,2025-10-31,INR,2526109754,RE,H,-8850,-8850,Technical Testing and Analysis Services,0016060001,,,2025-11-08,C005,0,0,,,,,,,
1001,DIT00472AD,THE AUTOMOTIVE RESEARCH,27AAATT1989P1ZL,2026-01-20,2610542930,THE AUTOMOTIVE RES,2026,2510976966,003,,0000,000,2026-01-13,2025-12-23,INR,2526112500,KR,H,-1059486.13,-1059486.13,TESTING OF TRACTION MOTOR- AIS 41 E-MOTOR POWER TE,0016060001,,,2026-01-13,D017,897869,0,JI,J3,10.0,100,10,94JB,ProfServFee@10%IndHUFFIRNS393(1)6(iii(b)
1001,DIT00472AD,THE AUTOMOTIVE RESEARCH,27AAATT1989P1ZL,2026-02-10,2610572687,THE AUTOMOTIVE RES,2026,2511060924,003,,0000,000,2026-02-06,2025-12-31,INR,2526112840,KR,H,-768830.44,-768830.44,AIS 038 BATTERY CERT. FOR 69 KWH (EXTN. FROM 79KWH,0016060001,,,2026-02-06,D017,651551,0,JI,J3,10.0,100,10,94JB,ProfServFee@10%IndHUFFIRNS393(1)6(iii(b)
1001,DIT00472AD,THE AUTOMOTIVE RESEARCH,27AAATT1989P1ZL,2026-01-12,2610530804,,2026,2610530804,001,,0000,000,2026-01-12,2026-01-12,INR,,KZ,S,517557.91,517557.91,,0016060001,,,2026-01-12,,438608,0,,,,,,,
1001,DIT00472AD,THE AUTOMOTIVE RESEARCH,27AAATT1989P1ZL,2025-10-31,2610422002,THE AUTOMOTIVE RES,2026,2510719192,003,,0000,000,2025-10-24,2025-09-25,INR,2526108465,KR,H,-831900,-831900,G12 ALTERNATE SOURCE CONNECTING ROD DURABILITY-R&d,0016060001,,,2025-10-24,D017,705000,0,JI,J3,10.0,100,10,94JB,ProfServFee@10%IndHUFFIRNS393(1)6(iii(b)
1001,DIT00472AD,THE AUTOMOTIVE RESEARCH,27AAATT1989P1ZL,2025-08-12,2610306878,,2026,2610306878,001,,0000,000,2025-08-12,2025-08-12,INR,,KZ,S,1383619.62,1383619.62,,0016060001,,,2025-08-12,,1172559,0,,,,,,,
1001,DIT00472AD,THE AUTOMOTIVE RESEARCH,27AAATT1989P1ZL,2026-01-23,2610549325,3400830981,2026,3190531776,001,,0000,000,2026-01-22,2026-01-12,INR,2526113422,RE,H,-509545.24,-509545.24,LDC-100% TDS Not deducted.,0016060001,,,2026-01-22,IM12,431818,0,JI,J3,10.0,100,10,94JB,ProfServFee@10%IndHUFFIRNS393(1)6(iii(b)
1001,DIT00472AD,THE AUTOMOTIVE RESEARCH,27AAATT1989P1ZL,2026-01-30,2610556425,THE AUTOMOTIVE RES,2026,2510999720,003,,0000,000,2026-01-21,2026-01-05,INR,2526113001,KR,H,-284876.78,-284876.78,EXT. CERT. FOR 6 MODELS FOR ENGG.-Certification,0016060001,,,2026-01-21,D017,241421,0,JI,J3,10.0,100,10,94JB,ProfServFee@10%IndHUFFIRNS393(1)6(iii(b)
1001,DIT00472AD,THE AUTOMOTIVE RESEARCH,27AAATT1989P1ZL,2026-03-20,2610635427,,2026,2610635427,002,,0000,000,2026-03-20,2026-03-20,INR,,KZ,S,1828326.22,1828326.22,,0016060001,,,2026-03-20,,1549429,0,,,,,,,
1001,DIT00472AD,THE AUTOMOTIVE RESEARCH,27AAATT1989P1ZL,2026-02-27,2610600828,,2026,2610600828,001,,0000,000,2026-02-27,2026-02-27,INR,,KZ,S,100635.12,100635.12,,0016060001,,,2026-02-27,,85284,0,,,,,,,
1001,DIT00472AD,THE AUTOMOTIVE RESEARCH,27AAATT1989P1ZL,2026-02-20,2610588161,THE AUTOMOTIVE RES,2026,2511080452,003,,0000,000,2026-02-12,2026-01-20,INR,2526113779,KR,H,-2037543.76,-2037543.76,TEST CHARGES TO CONDUCT TESTS AT VRDE AND MSPT WIT,0016060001,,,2026-02-12,D017,1726732,0,JI,J3,10.0,100,10,94JB,ProfServFee@10%IndHUFFIRNS393(1)6(iii(b)
1001,DIT00472AD,THE AUTOMOTIVE RESEARCH,27AAATT1989P1ZL,2025-12-31,2610518006,THE AUTOMOTIVE RES,2026,2510925715,003,,0000,000,2025-12-24,2025-12-08,INR,2526111043,KR,H,-21643.56,-21643.56,TEMP. OPER. CAPABILITY TEST AS PER IS 15804 # 2008,0016060001,,,2025-12-24,D017,18342,0,JI,J3,10.0,100,10,94JB,ProfServFee@10%IndHUFFIRNS393(1)6(iii(b)
1001,DIT00472AD,THE AUTOMOTIVE RESEARCH,27AAATT1989P1ZL,2026-03-06,2610611124,3400838479,2026,3191978449,001,,0000,000,2026-03-04,2025-12-29,INR,2526112637,RE,H,-1566450,-1566450,LDC-100%,0016060001,,,2026-03-04,IM12,1327500,0,,,,,,,
1001,DIT00472AD,THE AUTOMOTIVE RESEARCH,27AAATT1989P1ZL,2025-08-12,2610306878,3400797358,2026,3184763820,001,,0000,000,2025-08-08,2025-08-04,INR,2526106169,RE,H,-1383619.62,-1383619.62,LDC-100% TDS Not deducted.,0016060001,,,2025-08-08,IM12,1172559,0,JI,J3,10.0,100,10,94JB,ProfServFee@10%IndHUFFIRNS393(1)6(iii(b)
1001,DIT00472AD,THE AUTOMOTIVE RESEARCH,27AAATT1989P1ZL,2025-12-22,2610501832,THE AUTOMOTIVE RES,2026,2510885506,003,,0000,000,2025-12-11,2025-12-01,INR,2526111207,KR,H,-100635.12,-100635.12,SLF EXT. REPORT FOR AIS-018 FOR THAR MODELS-Certif,0016060001,,,2025-12-11,D017,85284,0,JI,J3,10.0,100,10,94JB,ProfServFee@10%IndHUFFIRNS393(1)6(iii(b)
1001,DIT00472AD,THE AUTOMOTIVE RESEARCH,27AAATT1989P1ZL,2026-03-20,2610635427,,2026,2610635427,001,,0000,000,2026-03-20,2026-03-20,INR,,KZ,S,5800144.86,5800144.86,,0016060001,,,2026-03-20,,3936465,0,,,,,,,
1001,DIT00472AD,THE AUTOMOTIVE RESEARCH,27AAATT1989P1ZL,2025-11-20,2610452716,THE AUTOMOTIVE RES,2026,2510793824,003,,0000,000,2025-11-12,2025-08-22,INR,2526106941,KR,H,-30877.06,-30877.06,EXT. CERT. FOR UPDATION OF TCU CALIBRATION ID & CV,0016060001,,,2025-11-12,D017,26167,0,JI,J3,10.0,100,10,94JB,ProfServFee@10%IndHUFFIRNS393(1)6(iii(b)
1001,DIT00472AD,THE AUTOMOTIVE RESEARCH,27AAATT1989P1ZL,2025-07-11,2610259979,,2026,2610259979,001,,0000,000,2025-07-11,2025-07-11,INR,,KZ,S,546136,546136,,0016060001,,,2025-07-11,,462827.12,0,,,,,,,
1001,DIT00472AD,THE AUTOMOTIVE RESEARCH,27AAATT1989P1ZL,2025-11-29,2610470651,THE AUTOMOTIVE RES,2026,2510817212,003,,0000,000,2025-11-20,2025-11-03,INR,2526109828,KR,H,-391013.06,-391013.06,FAMILY CERT. FOR MODEL XUV700MC PET MT FOR ENGG. C,0016060001,,,2025-11-20,D017,331367,0,JI,J3,10.0,100,10,94JB,ProfServFee@10%IndHUFFIRNS393(1)6(iii(b)
1001,DIT00472AD,THE AUTOMOTIVE RESEARCH,27AAATT1989P1ZL,2025-11-29,2610470651,THE AUTOMOTIVE RES,2026,2510816372,003,,0000,000,2025-11-20,2025-11-06,INR,2526109986,KR,H,-20966.24,-20966.24,RECHRISTENING CERTIFICATE FOR 2 MODELS-Certificati,0016060001,,,2025-11-20,D017,17768,0,JI,J3,10.0,100,10,94JB,ProfServFee@10%IndHUFFIRNS393(1)6(iii(b)
1001,DIT00472AD,THE AUTOMOTIVE RESEARCH,27AAATT1989P1ZL,2025-10-20,2610410410,,2026,2610410410,001,,0000,000,2025-10-20,2025-10-20,INR,,KZ,S,3378447.38,3378447.38,,0016060001,,,2025-10-20,,1058222,0,,,,,,,
1001,DIT00472AD,THE AUTOMOTIVE RESEARCH,27AAATT1989P1ZL,2025-12-31,2610518006,THE AUTOMOTIVE RES,2026,2510928901,003,,0000,000,2025-12-26,2025-12-22,INR,2526112306,KR,H,-67090.08,-67090.08,SPEED LIMITER EXT. REPORT AS PER AIS-018 FOR XUV7X,0016060001,,,2025-12-26,D017,56856,0,JI,J3,10.0,100,10,94JB,ProfServFee@10%IndHUFFIRNS393(1)6(iii(b)
1001,DIT00472AD,THE AUTOMOTIVE RESEARCH,27AAATT1989P1ZL,2025-10-20,2610410410,THE AUTOMOTIVE RES,2026,2510700976,003,,0000,000,2025-10-16,2025-08-06,INR,2526106270,KR,H,-83397.68,-83397.68,EXT. CERT. OPT. WHEEL RIM SIZE ADDED AND RECOMMEND,0016060001,,,2025-10-16,D017,70676,0,JI,J3,10.0,100,10,94JB,ProfServFee@10%IndHUFFIRNS393(1)6(iii(b)
1001,DIT00472AD,THE AUTOMOTIVE RESEARCH,27AAATT1989P1ZL,2026-02-10,2610572687,,2026,2610572687,002,,0000,000,2026-02-10,2026-02-10,INR,,KZ,S,4238021.92,4238021.92,,0016060001,,,2026-02-10,,3591544,0,,,,,,,
1001,DIT00472AD,THE AUTOMOTIVE RESEARCH,27AAATT1989P1ZL,2025-11-29,2610470651,THE AUTOMOTIVE RES,2026,2510840099,003,,0000,000,2025-11-28,2025-11-14,INR,2526110432,KR,H,-94348.08,-94348.08, CHARGES TOWARDS RE-CHRISTENING CERTIFICATE FOR 9-,0016060001,,,2025-11-28,D017,79956,0,JI,J3,10.0,100,10,94JB,ProfServFee@10%IndHUFFIRNS393(1)6(iii(b)
1001,DIT00472AD,THE AUTOMOTIVE RESEARCH,27AAATT1989P1ZL,2026-01-12,2610530804,THE AUTOMOTIVE RES,2026,2510940801,003,,0000,000,2025-12-30,2025-12-16,INR,2526112041,KR,H,-25470.3,-25470.3,EXT. CERT. XUV400 EC LL FOR ADDN. OF OPT. CM/L NO.,0016060001,,,2025-12-30,D017,21585,0,JI,J3,10.0,100,10,94JB,ProfServFee@10%IndHUFFIRNS393(1)6(iii(b)
1001,DIT00472AD,THE AUTOMOTIVE RESEARCH,27AAATT1989P1ZL,2025-11-29,2610470651,THE AUTOMOTIVE RES,2026,2510824920,003,,0000,000,2025-11-24,2025-11-03,INR,2526109826,KR,H,-1869307.62,-1869307.62,FAMILY CERT. FOR MODEL XUV 700 AX3 DSL MT FOR ENGG,0016060001,,,2025-11-24,D017,1584159,0,JI,J3,10.0,100,10,94JB,ProfServFee@10%IndHUFFIRNS393(1)6(iii(b)
1001,DIT00472AD,THE AUTOMOTIVE RESEARCH,27AAATT1989P1ZL,2025-10-20,2610410410,3400805486,2026,3187155933,001,,0000,000,2025-10-09,2025-09-26,INR,2526108573,RE,H,-2129745.42,-2129745.42,Technical Testing and Analysis Services,0016060001,,,2025-10-09,C005,0,0,,,,,,,
1001,DIT00472AD,THE AUTOMOTIVE RESEARCH,27AAATT1989P1ZL,2026-02-17,2610582703,3400791371,2026,3191334557,001,,0000,000,2026-02-14,2026-01-08,INR,2526113235,RE,H,-1231332.46,-1231332.46,LDC-100% Engg Services for other Projects,0016060001,,,2026-02-14,IM12,1043502.08,0,JI,J3,10.0,100,10,94JB,ProfServFee@10%IndHUFFIRNS393(1)6(iii(b)
1001,DIT00472AD,THE AUTOMOTIVE RESEARCH,27AAATT1989P1ZL,2025-11-29,2610470651,THE AUTOMOTIVE RES,2026,2510816380,003,,0000,000,2025-11-20,2025-07-21,INR,2526105547,KR,H,-33545.04,-33545.04,SPEED LIMITER EXT. REPORT AS PER AIS-018 FOR BOL M,0016060001,,,2025-11-20,D017,28428,0,JI,J3,10.0,100,10,94JB,ProfServFee@10%IndHUFFIRNS393(1)6(iii(b)
1001,DIT00472AD,THE AUTOMOTIVE RESEARCH,27AAATT1989P1ZL,2026-04-10,2610117234,3400848593,2026,3192958421,001,,0000,000,2026-03-31,2025-12-31,INR,2526112846,RE,H,-113280,-113280,Engg Services for other Projects,0016060001,,,2026-03-31,C005,0,0,,,,,,,
1001,DIT00472AD,THE AUTOMOTIVE RESEARCH,27AAATT1989P1ZL,2026-02-10,2610572687,THE AUTOMOTIVE RES,2026,2511037284,003,,0000,000,2026-02-02,2026-01-14,INR,2526113520,KR,H,-956315.66,-956315.66,EXT. CERT. FOR BOLERO NEO 10 FOR ENGG. CHANGES.-Ce,0016060001,,,2026-02-02,D017,810437,0,JI,J3,10.0,100,10,94JB,ProfServFee@10%IndHUFFIRNS393(1)6(iii(b)
1001,DIT00472AD,THE AUTOMOTIVE RESEARCH,27AAATT1989P1ZL,2025-11-29,2610470651,THE AUTOMOTIVE RES,2026,2510824921,003,,0000,000,2025-11-24,2025-11-03,INR,2526109830,KR,H,-1198668.78,-1198668.78,FAMILY CERT. FOR MODEL XUV700 MX PET AT FOR ENGG.-,0016060001,,,2025-11-24,D017,1015821,0,JI,J3,10.0,100,10,94JB,ProfServFee@10%IndHUFFIRNS393(1)6(iii(b)
1001,DIT00472AD,THE AUTOMOTIVE RESEARCH,27AAATT1989P1ZL,2025-12-26,2610510268,3400809597,2026,3189710218,001,,0000,000,2025-12-24,2025-12-15,INR,2526111993,RE,H,-500472.22,-500472.22,LDC-100%- TDS Not deducte,0016060001,,,2025-12-24,IM12,424129,0,JI,J3,10.0,100,10,94JB,ProfServFee@10%IndHUFFIRNS393(1)6(iii(b)
1001,DIT00472AD,THE AUTOMOTIVE RESEARCH,27AAATT1989P1ZL,2026-01-30,2610556425,THE AUTOMOTIVE RES,2026,2510999729,003,,0000,000,2026-01-21,2025-09-27,INR,2526108229,KR,H,-33545.04,-33545.04,SLF EXT. REPORT AS PER AIS-018 BOLERO PIK-Certific,0016060001,,,2026-01-21,D017,28428,0,JI,J3,10.0,100,10,94JB,ProfServFee@10%IndHUFFIRNS393(1)6(iii(b)
1001,DIT00472AD,THE AUTOMOTIVE RESEARCH,27AAATT1989P1ZL,2026-02-03,2610564282,3400826821,2026,3190837680,001,,0000,000,2026-01-31,2025-12-23,INR,2526112469,RE,H,-1952900,-1952900,LDC-100% TDS NOT DEDUCTED,0016060001,,,2026-01-31,IM12,1655000,0,,,,,,,
1001,DIT00472AD,THE AUTOMOTIVE RESEARCH,27AAATT1989P1ZL,2025-10-20,2610410410,3400813140,2026,3187155113,001,,0000,000,2025-10-09,2025-09-26,INR,2526108574,RE,H,-505363.32,-505363.32,Technical Testing and Analysis Services,0016060001,,,2025-10-09,C005,428274,0,JI,J3,10.0,100,10,94JB,ProfServFee@10%IndHUFFIRNS393(1)6(iii(b)
1001,DIT00472AD,THE AUTOMOTIVE RESEARCH,27AAATT1989P1ZL,2025-11-29,2610470651,THE AUTOMOTIVE RES,2026,2510840064,003,,0000,000,2025-11-28,2025-11-14,INR,2526110414,KR,H,-115314.32,-115314.32,CHARGES TOWARDS RE-CHRISTENING CERTIFICATE FOR 11-,0016060001,,,2025-11-28,D017,97724,0,JI,J3,10.0,100,10,94JB,ProfServFee@10%IndHUFFIRNS393(1)6(iii(b)
1001,DIT00472AD,THE AUTOMOTIVE RESEARCH,27AAATT1989P1ZL,2026-02-10,2610572687,THE AUTOMOTIVE RES,2026,2511048560,003,,0000,000,2026-02-04,2026-01-29,INR,2526114100,KR,H,-194335.38,-194335.38,RE HALF DAY UTILIZATION AS PER ECE R 10.06 ON KUV-,0016060001,,,2026-02-04,D017,164691,0,JI,J3,10.0,100,10,94JB,ProfServFee@10%IndHUFFIRNS393(1)6(iii(b)
1001,DIT00472AD,THE AUTOMOTIVE RESEARCH,27AAATT1989P1ZL,2026-01-30,2610556425,THE AUTOMOTIVE RES,2026,2510999735,003,,0000,000,2026-01-21,2025-12-15,INR,2526111846,KR,H,-105028.26,-105028.26,TESTING AND CERTIFICATION OF MSCL AS PER AIS 075 F,0016060001,,,2026-01-21,D017,89007,0,JI,J3,10.0,100,10,94JB,ProfServFee@10%IndHUFFIRNS393(1)6(iii(b)
1001,DIT00472AD,THE AUTOMOTIVE RESEARCH,27AAATT1989P1ZL,2026-01-30,2610557932,3400819396,2026,3190608661,001,,0000,000,2026-01-24,2025-11-20,INR,2526110725,RE,H,-413000,-413000,Mechanical and Combustion Noise,0016060001,,,2026-01-24,C005,0,0,,,,,,,
1001,DIT00472AD,THE AUTOMOTIVE RESEARCH,27AAATT1989P1ZL,2025-12-31,2610518006,THE AUTOMOTIVE RES,2026,2510925726,003,,0000,000,2025-12-24,2025-12-11,INR,2526111834,KR,H,-216905.24,-216905.24,EXT. CERT. FOR 5 MODELS FOR ENGG. CHANGES-Certific,0016060001,,,2025-12-24,D017,183818,0,JI,J3,10.0,100,10,94JB,ProfServFee@10%IndHUFFIRNS393(1)6(iii(b)
1001,DIT00472AD,THE AUTOMOTIVE RESEARCH,27AAATT1989P1ZL,2025-08-05,2610295492,,2026,2610295492,001,,0000,000,2025-08-05,2025-08-05,INR,,KZ,S,599213.44,599213.44,,0016060001,,,2025-08-05,,507808,0,,,,,,,
1001,DIT00472AD,THE AUTOMOTIVE RESEARCH,27AAATT1989P1ZL,2025-08-05,2610295492,3400803966,2026,3184528707,001,,0000,000,2025-08-01,2025-07-16,INR,2526105335,RE,H,-599213.44,-599213.44,LDC-100% TDS NOt deducted,0016060001,,,2025-08-01,IM12,507808,0,JI,J3,10.0,100,10,94JB,ProfServFee@10%IndHUFFIRNS393(1)6(iii(b)
1001,DIT00472AD,THE AUTOMOTIVE RESEARCH,27AAATT1989P1ZL,2025-12-22,2610501832,THE AUTOMOTIVE RES,2026,2510885284,003,,0000,000,2025-12-11,2025-07-15,INR,2526105258,KR,H,-1425572.16,-1425572.16,M110 WHIPLASH EVALUATION-Testing charges,0016060001,,,2025-12-11,D017,1208112,0,JI,J3,10.0,100,10,94JB,ProfServFee@10%IndHUFFIRNS393(1)6(iii(b)
1001,DIT00472AD,THE AUTOMOTIVE RESEARCH,27AAATT1989P1ZL,2025-11-17,1062506414,,2026,2360116578,001,2510700981,2026,003,2025-11-17,2025-09-19,INR,2526108135,KG,S,230249.86,230249.86,Original Inv Doc No : 2510700981,0016060001,,,2025-09-19,,0,0,,,,,,,
1001,DIT00472AD,THE AUTOMOTIVE RESEARCH,27AAATT1989P1ZL,2026-03-20,2610630523,,2026,2610630523,001,,0000,000,2026-03-20,2026-03-20,INR,,KZ,S,1178348,1178348,,0016060001,,,2026-03-20,,998600,0,,,,,,,
1001,DIT00472AD,THE AUTOMOTIVE RESEARCH,27AAATT1989P1ZL,2025-11-29,2610470651,THE AUTOMOTIVE RES,2026,2510817054,003,,0000,000,2025-11-20,2025-09-16,INR,2526107951,KR,H,-56002.8,-56002.8,EXT. CERT. FOR 2 MODELS FOR ENGG CHANGES-Certifica,0016060001,,,2025-11-20,D017,47460,0,JI,J3,10.0,100,10,94JB,ProfServFee@10%IndHUFFIRNS393(1)6(iii(b)
1001,DIT00472AD,THE AUTOMOTIVE RESEARCH,27AAATT1989P1ZL,2026-01-30,2610556425,THE AUTOMOTIVE RES,2026,2511008597,003,,0000,000,2026-01-24,2026-01-20,INR,2526113806,KR,H,-103665.36,-103665.36,EXT. CERT. TO MODELS BOLERO NEO & BOLERO NEO+ FOR-,0016060001,,,2026-01-24,D017,87852,0,JI,J3,10.0,100,10,94JB,ProfServFee@10%IndHUFFIRNS393(1)6(iii(b)
1001,DIT00472AD,THE AUTOMOTIVE RESEARCH,27AAATT1989P1ZL,2025-11-20,2610452716,THE AUTOMOTIVE RES,2026,2510795668,005,,0000,000,2025-11-13,2025-10-13,INR,2526109223,KR,H,-173089.48,-173089.48,EXT. CERT. FOR 6 MODELS FOR ENGG. CHANGES-Certific,0016060001,,,2025-11-13,D017,146686,0,JI,J3,10.0,100,10,94JB,ProfServFee@10%IndHUFFIRNS393(1)6(iii(b)
1001,DIT00472AD,THE AUTOMOTIVE RESEARCH,27AAATT1989P1ZL,2026-02-10,2610572687,THE AUTOMOTIVE RES,2026,2511049414,003,,0000,000,2026-02-04,2026-01-22,INR,2526113910,KR,H,-287914.1,-287914.1,EXT. CERT. FOR 5 MODELS FOR ENGG. CHANGES-Certific,0016060001,,,2026-02-04,D017,243995,0,JI,J3,10.0,100,10,94JB,ProfServFee@10%IndHUFFIRNS393(1)6(iii(b)
1001,DIT00472AD,THE AUTOMOTIVE RESEARCH,27AAATT1989P1ZL,2025-10-10,2610391939,,2026,2610391939,001,,0000,000,2025-10-10,2025-10-10,INR,,KZ,S,692366.18,692366.18,,0016060001,,,2025-10-10,,586751,0,,,,,,,
1001,DIT00472AD,THE AUTOMOTIVE RESEARCH,27AAATT1989P1ZL,2025-12-30,2610513589,,2026,2610513589,001,,0000,000,2025-12-30,2025-12-30,INR,,KZ,S,259600,259600,,0016060001,,,2025-12-30,,0,0,,,,,,,
1001,DIT00472AD,THE AUTOMOTIVE RESEARCH,27AAATT1989P1ZL,2025-10-31,2610422002,THE AUTOMOTIVE RES,2026,2510725071,003,,0000,000,2025-10-28,2025-09-15,INR,2526107879,KR,H,-23630.68,-23630.68,EXT. CERT. THAR DIESEL MT 2WD FOR ADDITION OF PLAS,0016060001,,,2025-10-28,D017,20026,0,JI,J3,10.0,100,10,94JB,ProfServFee@10%IndHUFFIRNS393(1)6(iii(b)
1001,DIT00472AD,THE AUTOMOTIVE RESEARCH,27AAATT1989P1ZL,2026-01-23,2610549325,,2026,2610549325,001,,0000,000,2026-01-23,2026-01-23,INR,,KZ,S,5556995.24,5556995.24,,0016060001,,,2026-01-23,,4709318,0,,,,,,,
1001,DIT00472AD,THE AUTOMOTIVE RESEARCH,27AAATT1989P1ZL,2025-12-22,2610501832,,2026,2610501832,001,,0000,000,2025-12-22,2025-12-22,INR,,KZ,S,5253336.4,5253336.4,,0016060001,,,2025-12-22,,4451980,0,,,,,,,
1001,DIT00472AD,THE AUTOMOTIVE RESEARCH,27AAATT1989P1ZL,2025-12-12,2610487643,3400825103,2026,3189266146,001,,0000,000,2025-12-11,2025-11-04,INR,2526109889,RE,H,-289100,-289100,Chassis Dynamometer Utilization on Mahindra vehicl,0016060001,,,2025-12-11,C005,245000,0,JI,J3,10.0,100,10,94JB,ProfServFee@10%IndHUFFIRNS393(1)6(iii(b)
1001,DIT00472AD,THE AUTOMOTIVE RESEARCH,27AAATT1989P1ZL,2025-12-09,2610480121,3400826821,2026,3189158638,001,,0000,000,2025-12-08,2025-11-03,INR,2526109864,RE,H,-3448550,-3448550,LDC-100%- TDS Not deducted,0016060001,,,2025-12-08,IM12,2922500,0,JI,J3,10.0,100,10,94JB,ProfServFee@10%IndHUFFIRNS393(1)6(iii(b)
1001,DIT00472AD,THE AUTOMOTIVE RESEARCH,27AAATT1989P1ZL,2026-01-30,2610556425,THE AUTOMOTIVE RES,2026,2511006762,003,,0000,000,2026-01-23,2025-10-12,INR,2526109159,KR,H,-4438280.9,-4438280.9,Z111 ORS SLED 10X TEST WITH INSTRUMENTED DUMMY-R&d,0016060001,,,2026-01-23,D017,3761255,0,JI,J3,10.0,100,10,94JB,ProfServFee@10%IndHUFFIRNS393(1)6(iii(b)
1001,DIT00472AD,THE AUTOMOTIVE RESEARCH,27AAATT1989P1ZL,2025-12-10,2610485228,THE AUTOMOTIVE RES,2026,2510864686,003,,0000,000,2025-12-04,2025-10-29,INR,2526109642,KR,H,-572300,-572300,D06 CON ROD DURABILITY TEST-Testing charges,0016060001,,,2025-12-04,D017,485000,0,JI,J3,10.0,100,10,94JB,ProfServFee@10%IndHUFFIRNS393(1)6(iii(b)
1001,DIT00472AD,THE AUTOMOTIVE RESEARCH,27AAATT1989P1ZL,2025-10-20,2610410410,THE AUTOMOTIVE RES,2026,2510700987,003,,0000,000,2025-10-16,2025-09-29,INR,2526108549,KR,H,-32619.92,-32619.92,EXT. TO TEST REPORT OF AIS075-Certification,0016060001,,,2025-10-16,D017,27644,0,JI,J3,10.0,100,10,94JB,ProfServFee@10%IndHUFFIRNS393(1)6(iii(b)
1001,DIT00472AD,THE AUTOMOTIVE RESEARCH,27AAATT1989P1ZL,2025-11-29,2610470651,THE AUTOMOTIVE RES,2026,2510816371,003,,0000,000,2025-11-20,2025-11-06,INR,2526109983,KR,H,-41932.48,-41932.48,RECHRISTENING CERT. FOR 4 MODELS/VAR.-Certificatio,0016060001,,,2025-11-20,D017,35536,0,JI,J3,10.0,100,10,94JB,ProfServFee@10%IndHUFFIRNS393(1)6(iii(b)
1001,DIT00472AD,THE AUTOMOTIVE RESEARCH,27AAATT1989P1ZL,2025-11-17,1062506414,,2026,1062506414,001,,0000,000,2025-11-17,2025-11-17,INR,CLEARING ENTRY,AB,S,230249.86,230249.86,,0016060001,,,2025-11-17,,0,0,,,,,,,
1001,DIT00472AD,THE AUTOMOTIVE RESEARCH,27AAATT1989P1ZL,2025-11-29,2610470651,THE AUTOMOTIVE RES,2026,2510840057,003,,0000,000,2025-11-28,2025-11-14,INR,2526110410,KR,H,-94348.08,-94348.08,CHARGES TOWARDS RE-CHRISTENING CERTIFICATE FOR 9 M,0016060001,,,2025-11-28,D017,79956,0,JI,J3,10.0,100,10,94JB,ProfServFee@10%IndHUFFIRNS393(1)6(iii(b)
1001,DIT00472AD,THE AUTOMOTIVE RESEARCH,27AAATT1989P1ZL,2025-10-31,2610423778,,2026,2610423778,001,,0000,000,2025-10-31,2025-10-31,INR,,KZ,S,1775900,1775900,,0016060001,,,2025-10-31,,1505000,0,,,,,,,
1001,DIT00472AD,THE AUTOMOTIVE RESEARCH,27AAATT1989P1ZL,2026-03-06,2610611124,,2026,2610611124,001,,0000,000,2026-03-06,2026-03-06,INR,,KZ,S,1566450,1566450,,0016060001,,,2026-03-06,,1327500,0,,,,,,,
1001,DIT00472AD,THE AUTOMOTIVE RESEARCH,27AAATT1989P1ZL,2025-10-31,2610423778,3400819811,2026,3187743356,001,,0000,000,2025-10-29,2025-09-24,INR,2526108392,RE,H,-908600,-908600,Chassis Dynamometer Utilization on Mahindra vehicl,0016060001,,,2025-10-29,C005,770000,0,JI,J3,10.0,100,10,94JB,ProfServFee@10%IndHUFFIRNS393(1)6(iii(b)
1001,DIT00472AD,THE AUTOMOTIVE RESEARCH,27AAATT1989P1ZL,2026-01-30,1066999079,,2026,1066999079,002,,0000,000,2026-01-30,2026-01-30,INR,,AB,H,-1082650,-1082650,,0016060001,,,2026-01-30,D017,917500,0,,,,,,,
1001,DIT00472AD,THE AUTOMOTIVE RESEARCH,27AAATT1989P1ZL,2025-10-31,2610423423,3400819814,2026,3187703371,001,,0000,000,2025-10-28,2025-09-24,INR,2526108395,RE,H,-743400,-743400,Chassis Dynamometer Utilization on Mahindra vehicl,0016060001,,,2025-10-28,C005,630000,0,JI,J3,10.0,100,10,94JB,ProfServFee@10%IndHUFFIRNS393(1)6(iii(b)
1001,DIT00472AD,THE AUTOMOTIVE RESEARCH,27AAATT1989P1ZL,2026-04-02,2610104208,3400851353,2026,3192936823,001,,0000,000,2026-03-31,2026-03-18,INR,2526117090,RE,H,-636694.96,-636694.96,LDC-100%,0016060001,,,2026-03-31,IM12,539572,0,,,,,,,
1001,DIT00472AD,THE AUTOMOTIVE RESEARCH,27AAATT1989P1ZL,2025-10-10,2610391939,THE AUTOMOTIVE RES,2026,2510650792,003,,0000,000,2025-10-03,2025-09-25,INR,2526108468,KR,H,-10133.84,-10133.84,AIS096 STEERING PERFORMANCE ET-Certification,0016060001,,,2025-10-03,D017,8588,0,JI,J3,10.0,100,10,94JB,ProfServFee@10%IndHUFFIRNS393(1)6(iii(b)
1001,DIT00472AD,THE AUTOMOTIVE RESEARCH,27AAATT1989P1ZL,2025-11-29,2610470651,THE AUTOMOTIVE RES,2026,2510839783,003,,0000,000,2025-11-28,2025-11-07,INR,2526109918,KR,H,-67090.08,-67090.08,SPEED LIMITER EXT. REPORT AS PER AIS-018 FOR XUV70,0016060001,,,2025-11-28,D017,56856,0,JI,J3,10.0,100,10,94JB,ProfServFee@10%IndHUFFIRNS393(1)6(iii(b)
1001,DIT00472AD,THE AUTOMOTIVE RESEARCH,27AAATT1989P1ZL,2026-01-12,2610533719,THE AUTOMOTIVE RES,2026,2510963984,003,,0000,000,2026-01-06,2025-11-11,INR,2526110193,KR,H,-831900,-831900,H1R CONNECTING ROD DURABILITY TEST-Testing,0016060001,,,2026-01-06,D017,705000,0,JI,J3,10.0,100,10,94JB,ProfServFee@10%IndHUFFIRNS393(1)6(iii(b)
1001,DIT00472AD,THE AUTOMOTIVE RESEARCH,27AAATT1989P1ZL,2026-03-30,2610649278,THE AUTOMOTIVE RES,2026,2511202949,005,,0000,000,2026-03-21,2026-02-26,INR,2526115750,KR,H,-287914.1,-287914.1,EXT. CERT FOR ADD. OF CM/L NO. FOR TYRE & POWER WI,0016060001,,,2026-03-21,D017,243995,0,,,,,,,
1001,DIT00472AD,THE AUTOMOTIVE RESEARCH,27AAATT1989P1ZL,2025-11-29,2610470651,THE AUTOMOTIVE RES,2026,2510817211,003,,0000,000,2025-11-20,2025-11-03,INR,2526109827,KR,H,-328469.52,-328469.52,FAMILY CERT. FOR MODEL XUV700 AX3 DSL AT FOR ENGG.,0016060001,,,2025-11-20,D017,278364,0,JI,J3,10.0,100,10,94JB,ProfServFee@10%IndHUFFIRNS393(1)6(iii(b)
1001,DIT00472AD,THE AUTOMOTIVE RESEARCH,27AAATT1989P1ZL,2026-01-27,2610551793,,2026,2610551793,001,,0000,000,2026-01-27,2026-01-27,INR,,KZ,S,1381279.85,1381279.85,,0016060001,,,2026-01-27,,1170576.15,0,,,,,,,
1001,DIT00472AD,THE AUTOMOTIVE RESEARCH,27AAATT1989P1ZL,2025-10-20,2610410410,3400806904,2026,3187155089,001,,0000,000,2025-10-09,2025-09-26,INR,2526108578,RE,H,-397071.18,-397071.18,Technical Testing and Analysis Services,0016060001,,,2025-10-09,C005,336501,0,JI,J3,10.0,100,10,94JB,ProfServFee@10%IndHUFFIRNS393(1)6(iii(b)
1001,DIT00472AD,THE AUTOMOTIVE RESEARCH,27AAATT1989P1ZL,2026-02-17,2610582703,3400826822,2026,3191334546,001,,0000,000,2026-02-14,2025-12-05,INR,2526111567,RE,H,-2795969.88,-2795969.88,LDC -100%  Engg Services for other Projects,0016060001,,,2026-02-14,IM12,2369466,0,JI,J3,10.0,100,10,94JB,ProfServFee@10%IndHUFFIRNS393(1)6(iii(b)
1001,DIT00472AD,THE AUTOMOTIVE RESEARCH,27AAATT1989P1ZL,2026-03-13,2610623277,,2026,2610623277,001,,0000,000,2026-03-13,2026-03-13,INR,,KZ,S,1637730.26,1637730.26,,0016060001,,,2026-03-13,,1387907,0,,,,,,,
1001,DIT00472AD,THE AUTOMOTIVE RESEARCH,27AAATT1989P1ZL,2025-12-12,2610487643,3400825092,2026,3189266140,001,,0000,000,2025-12-11,2025-10-31,INR,2526109752,RE,H,-991200,-991200,Chassis Dynamometer Utilization on Mahindra vehicl,0016060001,,,2025-12-11,C005,840000,0,JI,J3,10.0,100,10,94JB,ProfServFee@10%IndHUFFIRNS393(1)6(iii(b)
1001,DIT00472AD,THE AUTOMOTIVE RESEARCH,27AAATT1989P1ZL,2026-01-12,2610533719,,2026,2610533719,001,,0000,000,2026-01-12,2026-01-12,INR,,KZ,S,831900,831900,,0016060001,,,2026-01-12,,705000,0,,,,,,,
1001,DIT00472AD,THE AUTOMOTIVE RESEARCH,27AAATT1989P1ZL,2026-01-12,2610530804,THE AUTOMOTIVE RES,2026,2510940982,003,,0000,000,2025-12-30,2025-12-08,INR,2526111650,KR,H,-152662.5,-152662.5, EXT. CERT. TO SCORPIO-N AT &MT FOR OPT. MFG. LOCA,0016060001,,,2025-12-30,D017,129375,0,JI,J3,10.0,100,10,94JB,ProfServFee@10%IndHUFFIRNS393(1)6(iii(b)
1001,DIT00472AD,THE AUTOMOTIVE RESEARCH,27AAATT1989P1ZL,2026-03-20,2610635427,3400814165,2026,3192255259,001,,0000,000,2026-03-12,2026-02-11,INR,2526114785,RE,H,-1155116.16,-1155116.16,Technical Testing and Analysis Services,0016060001,,,2026-03-12,C005,0,0,,,,,,,
1001,DIT00472AD,THE AUTOMOTIVE RESEARCH,27AAATT1989P1ZL,2026-03-30,2610649278,,2026,2610649278,001,,0000,000,2026-03-30,2026-03-30,INR,,KZ,S,1582382.36,1582382.36,,0016060001,,,2026-03-30,,1341002,0,,,,,,,
1001,DIT00472AD,THE AUTOMOTIVE RESEARCH,27AAATT1989P1ZL,2026-04-10,2610117234,3400848593,2026,3192958367,001,,0000,000,2026-03-31,2025-12-26,INR,2526112610,RE,H,-116230,-116230,Engg Services for other Projects,0016060001,,,2026-03-31,C005,0,0,,,,,,,
1001,DIT00472AD,THE AUTOMOTIVE RESEARCH,27AAATT1989P1ZL,2025-10-31,2610422002,THE AUTOMOTIVE RES,2026,2510725843,003,,0000,000,2025-10-28,2025-10-12,INR,2526109158,KR,H,-381860.98,-381860.98,AIS096 STEERING PERFORMANCE FOR MODEL SCORPIO DOUB,0016060001,,,2025-10-28,D017,323611,0,JI,J3,10.0,100,10,94JB,ProfServFee@10%IndHUFFIRNS393(1)6(iii(b)
1001,DIT00472AD,THE AUTOMOTIVE RESEARCH,27AAATT1989P1ZL,2025-11-20,2610452716,THE AUTOMOTIVE RES,2026,2510793246,003,,0000,000,2025-11-12,2025-09-29,INR,2526108659,KR,H,-872146.85,-872146.85,FAMILY CERT. FOR BOLERO CAMPER FOR ENGG. CHANGES-C,0016060001,,,2025-11-12,D017,739107,0,JI,J3,10.0,100,10,94JB,ProfServFee@10%IndHUFFIRNS393(1)6(iii(b)
1001,DIT00472AD,THE AUTOMOTIVE RESEARCH,27AAATT1989P1ZL,2025-12-10,2610485228,THE AUTOMOTIVE RES,2026,2510867654,003,,0000,000,2025-12-05,2025-07-17,INR,2526105410,KR,H,-555818.94,-555818.94,DEVELOPMENTAL TESTS ON STEERING SYSTEM FOR M&M Z11,0016060001,,,2025-12-05,D017,471033,0,JI,J3,10.0,100,10,94JB,ProfServFee@10%IndHUFFIRNS393(1)6(iii(b)
1001,DIT00472AD,THE AUTOMOTIVE RESEARCH,27AAATT1989P1ZL,2026-03-20,2610635427,THE AUTOMOTIVE RES,2026,2511187691,003,,0000,000,2026-03-16,2026-03-05,INR,2526116081,KR,H,-21962.16,-21962.16,SBA EXTENSION-SCORPIO-N.-Certification,0016060001,,,2026-03-16,D017,18612,0,,,,,,,
1001,DIT00472AD,THE AUTOMOTIVE RESEARCH,27AAATT1989P1ZL,2026-03-20,2610635427,THE AUTOMOTIVE RES,2026,2511187692,003,,0000,000,2026-03-16,2026-02-26,INR,2526115747,KR,H,-906048.84,-906048.84,EXT. TA THAR AXT AC D MT 4WD 4S ST AND ITS VAR. FO,0016060001,,,2026-03-16,D017,767838,0,,,,,,,
1001,DIT00472AD,THE AUTOMOTIVE RESEARCH,27AAATT1989P1ZL,2026-03-24,2610638472,,2026,2610638472,001,,0000,000,2026-03-24,2026-03-24,INR,,KZ,S,962734.86,962734.86,,0016060001,,,2026-03-24,,815877,0,,,,,,,
1001,DIT00472AD,THE AUTOMOTIVE RESEARCH,27AAATT1989P1ZL,2026-03-20,2610635427,THE AUTOMOTIVE RES,2026,2511187689,003,,0000,000,2026-03-16,2026-02-26,INR,2526115716,KR,H,-922277.38,-922277.38,EXT. CERT. THAR LXT D AT 4WD 4S CT AND ITS VAR'S F,0016060001,,,2026-03-16,D017,781591,0,,,,,,,
1001,DIT00472AD,THE AUTOMOTIVE RESEARCH,27AAATT1989P1ZL,2025-11-29,2610470651,,2026,2610470651,002,,0000,000,2025-11-29,2025-11-29,INR,,KZ,S,171317.12,171317.12,,0016060001,,,2025-11-29,,145184,0,,,,,,,
1001,DIT00472AD,THE AUTOMOTIVE RESEARCH,27AAATT1989P1ZL,2025-11-17,1062506414,,2026,1062506414,002,,0000,000,2025-11-17,2025-11-17,INR,CLEARING ENTRY,AB,H,-230249.86,-230249.86,,0016060001,,,2025-11-17,D017,0,0,,,,,,,
1001,DIT00472AD,THE AUTOMOTIVE RESEARCH,27AAATT1989P1ZL,2025-12-22,2610501832,THE AUTOMOTIVE RES,2026,2510885502,003,,0000,000,2025-12-11,2025-11-06,INR,2526109945,KR,H,-1133597.68,-1133597.68," TEST CHARGES TO CONDUCT ABS, ESC & BAS TESTS FOR-",0016060001,,,2025-12-11,D017,960676,0,JI,J3,10.0,100,10,94JB,ProfServFee@10%IndHUFFIRNS393(1)6(iii(b)
1001,DIT00472AD,THE AUTOMOTIVE RESEARCH,27AAATT1989P1ZL,2026-02-27,2610600828,THE AUTOMOTIVE RES,2026,2511122406,003,,0000,000,2026-02-26,2026-02-20,INR,2526115132,KR,H,-100635.12,-100635.12,SPEED LIMITER EXT. REPORT AS PER AIS-018 FOR SCORP,0016060001,,,2026-02-26,D017,85284,0,,,,,,,
1001,DIT00472AD,THE AUTOMOTIVE RESEARCH,27AAATT1989P1ZL,2025-12-26,2610510268,,2026,2610510268,001,,0000,000,2025-12-26,2025-12-26,INR,,KZ,S,500472.22,500472.22,,0016060001,,,2025-12-26,,424129,0,,,,,,,
1001,DIT00472AD,THE AUTOMOTIVE RESEARCH,27AAATT1989P1ZL,2026-03-30,2610649278,THE AUTOMOTIVE RES,2026,2511202955,005,,0000,000,2026-03-21,2026-02-27,INR,2526115819,KR,H,-250193.04,-250193.04,"EXTN. CERT. FOR UPDATION OF TYRE, SAFETY GLASS & E",0016060001,,,2026-03-21,D017,212028,0,,,,,,,
1001,DIT00472AD,THE AUTOMOTIVE RESEARCH,27AAATT1989P1ZL,2025-10-10,2610391939,THE AUTOMOTIVE RES,2026,2510650791,003,,0000,000,2025-10-03,2025-09-10,INR,2526107655,KR,H,-161133.72,-161133.72,CHARGES TOWARDS RE-CHRISTENING CERTIFICATE FOR 5 B,0016060001,,,2025-10-03,D017,136554,0,JI,J3,10.0,100,10,94JB,ProfServFee@10%IndHUFFIRNS393(1)6(iii(b)
1001,DIT00472AD,THE AUTOMOTIVE RESEARCH,27AAATT1989P1ZL,2025-11-20,2610452716,,2026,2610452716,001,,0000,000,2025-11-20,2025-11-20,INR,,KZ,S,2170963.41,2170963.41,,0016060001,,,2025-11-20,,1679344,0,,,,,,,
1001,DIT00472AD,THE AUTOMOTIVE RESEARCH,27AAATT1989P1ZL,2026-01-30,2610556425,THE AUTOMOTIVE RES,2026,2511014998,003,,0000,000,2026-01-28,2025-12-30,INR,2526112717,KR,H,-212400,-212400,CRS DUALFIX PRO M PRO SPACE BLACK-Testing charges,0016060001,,,2026-01-28,D017,180000,0,JI,J3,10.0,100,10,94JB,ProfServFee@10%IndHUFFIRNS393(1)6(iii(b)
1001,DIT00472AD,THE AUTOMOTIVE RESEARCH,27AAATT1989P1ZL,2026-03-20,2610629897,,2026,2610629897,001,,0000,000,2026-03-20,2026-03-20,INR,,KZ,S,460200,460200,,0016060001,,,2026-03-20,,390000,0,,,,,,,
1001,DIT00472AD,THE AUTOMOTIVE RESEARCH,27AAATT1989P1ZL,2025-12-12,2610487643,3400825116,2026,3189266154,001,,0000,000,2025-12-11,2025-11-03,INR,2526109801,RE,H,-702100,-702100,Chassis Dynamometer Utilization on Mahindra vehicl,0016060001,,,2025-12-11,C005,595000,0,JI,J3,10.0,100,10,94JB,ProfServFee@10%IndHUFFIRNS393(1)6(iii(b)
1001,DIT00472AD,THE AUTOMOTIVE RESEARCH,27AAATT1989P1ZL,2026-03-17,2610625965,3400847813,2026,3192401174,001,,0000,000,2026-03-16,2026-03-06,INR,2526116260,RE,H,-1433113.54,-1433113.54,LDC-100%,0016060001,,,2026-03-16,IM12,1214503,0,,,,,,,
1001,DIT00472AD,THE AUTOMOTIVE RESEARCH,27AAATT1989P1ZL,2026-01-12,2610530804,THE AUTOMOTIVE RES,2026,2510964092,003,,0000,000,2026-01-06,2025-12-22,INR,2526112378,KR,H,-41354.28,-41354.28,EXT. CERT. FOR ADDN. OF SINGLE PANE SUNROOF  XUV 3,0016060001,,,2026-01-06,D017,35046,0,JI,J3,10.0,100,10,94JB,ProfServFee@10%IndHUFFIRNS393(1)6(iii(b)
1001,DIT00472AD,THE AUTOMOTIVE RESEARCH,27AAATT1989P1ZL,2025-11-20,2610452716,3400808560,2026,3188089660,001,,0000,000,2025-11-08,2025-10-31,INR,2526109756,RE,H,-180486.9,-180486.9,Technical Testing and Analysis Services,0016060001,,,2025-11-08,C005,0,0,,,,,,,
1001,DIT00472AD,THE AUTOMOTIVE RESEARCH,27AAATT1989P1ZL,2025-12-30,2610513589,3400817759,2026,3189641615,001,,0000,000,2025-12-22,2025-12-05,INR,2526111601,RE,H,-259600,-259600,TDS Exempted U/S 197 - FOPS Testing of tractor,0016060001,,,2025-12-22,C005,0,0,,,,,,,
1001,DIT00472AD,THE AUTOMOTIVE RESEARCH,27AAATT1989P1ZL,2026-03-20,2610635427,THE AUTOMOTIVE RES,2026,2511189627,003,,0000,000,2026-03-17,2026-01-22,INR,2526113643,KR,H,-216357.72,-216357.72,EXTN. CERT. FOR 4 MODELS FOR ADD. OF ALTERNATOR PA,0016060001,,,2026-03-17,D017,183354,0,,,,,,,
1001,DIT00472AD,THE AUTOMOTIVE RESEARCH,27AAATT1989P1ZL,2026-03-04,2610607848,3400819844,2026,3191846986,001,,0000,000,2026-02-28,2026-01-08,INR,2526113195,RE,H,-1985479.8,-1985479.8,Development test on the Engine Model D72,0016060001,,,2026-02-28,C005,1682610,0,,,,,,,
1001,DIT00472AD,THE AUTOMOTIVE RESEARCH,27AAATT1989P1ZL,2026-02-10,2610572687,THE AUTOMOTIVE RES,2026,2511049417,003,,0000,000,2026-02-04,2026-01-21,INR,2526113837,KR,H,-20267.68,-20267.68,ETA FOR SCORPIO N ( AIS099 AND AIS098)-Certificati,0016060001,,,2026-02-04,D017,17176,0,JI,J3,10.0,100,10,94JB,ProfServFee@10%IndHUFFIRNS393(1)6(iii(b)
1001,DIT00472AD,THE AUTOMOTIVE RESEARCH,27AAATT1989P1ZL,2025-11-21,2610456645,3400813684,2026,3188491805,001,,0000,000,2025-11-19,2025-11-12,INR,2526110261,RE,H,-2850372.6,-2850372.6,LDC-100 % TDS Not Deducted.,0016060001,,,2025-11-19,IM12,2415570,0,JI,J3,10.0,100,10,94JB,ProfServFee@10%IndHUFFIRNS393(1)6(iii(b)
1001,DIT00472AD,THE AUTOMOTIVE RESEARCH,27AAATT1989P1ZL,2026-01-30,1066999079,,2026,1066999079,001,,0000,000,2026-01-30,2026-01-30,INR,,AB,S,1082650,1082650,,0016060001,,,2026-01-30,,917500,0,,,,,,,
1001,DIT00472AD,THE AUTOMOTIVE RESEARCH,27AAATT1989P1ZL,2025-10-31,2610423423,3400819816,2026,3187703463,001,,0000,000,2025-10-28,2025-09-24,INR,2526108396,RE,H,-619500,-619500,Service charges,0016060001,,,2025-10-28,C005,525000,0,JI,J3,10.0,100,10,94JB,ProfServFee@10%IndHUFFIRNS393(1)6(iii(b)
1001,DIT00472AD,THE AUTOMOTIVE RESEARCH,27AAATT1989P1ZL,2026-04-02,2610104208,THE AUTOMOTIVE RES,2026,2511248104,004,,0000,000,2026-03-31,2026-03-16,INR,2526116894,KR,H,-368266.2,-368266.2,COP TESTING OF SCORPIO-N D MT 2WD Z8L 7S BS-VI-Cop,0016060001,,,2026-03-31,D017,312090,0,,,,,,,
1001,DIT00472AD,THE AUTOMOTIVE RESEARCH,27AAATT1989P1ZL,2026-02-10,2610572687,,2026,2610572687,001,,0000,000,2026-02-10,2026-02-10,INR,,KZ,S,3536511,3536511,,0016060001,,,2026-02-10,,2997043,0,,,,,,,
1001,DIT00472AD,THE AUTOMOTIVE RESEARCH,27AAATT1989P1ZL,2026-04-10,2610117234,THE AUTOMOTIVE RES,2026,2511234578,003,,0000,000,2026-03-29,2026-03-25,INR,2526117479,KR,H,-922277.38,-922277.38,EXT. CERT. SCORPIO-N DIESEL AT FOR ENGG. CHANGES.-,0016060001,,,2026-03-29,D017,781591,0,,,,,,,
1001,DIT00472AD,THE AUTOMOTIVE RESEARCH,27AAATT1989P1ZL,2025-10-31,2610422002,THE AUTOMOTIVE RES,2026,2510725848,003,,0000,000,2025-10-28,2025-10-10,INR,2526108974,KR,H,-428460.36,-428460.36, SPEED LIMITER TEST AS PER AIS-018 FOR THAR ROXX D,0016060001,,,2025-10-28,D017,363102,0,JI,J3,10.0,100,10,94JB,ProfServFee@10%IndHUFFIRNS393(1)6(iii(b)
1001,DIT00472AD,THE AUTOMOTIVE RESEARCH,27AAATT1989P1ZL,2026-03-30,2610649278,THE AUTOMOTIVE RES,2026,2511202889,003,,0000,000,2026-03-21,2026-03-16,INR,2526116697,KR,H,-33545.04,-33545.04,SPEED LIMITER EXTN REPORT AS PER AIS-018 BOLERO NE,0016060001,,,2026-03-21,D017,28428,0,,,,,,,
1001,DIT00472AD,THE AUTOMOTIVE RESEARCH,27AAATT1989P1ZL,2026-03-30,2610649278,THE AUTOMOTIVE RES,2026,2511202968,003,,0000,000,2026-03-21,2026-03-12,INR,2526116573,KR,H,-110478.68,-110478.68,FAMILY CERT. TO THE MODEL XUV 3XO FOR CHANGE IN WE,0016060001,,,2026-03-21,D017,93626,0,,,,,,,
1001,DIT00472AD,THE AUTOMOTIVE RESEARCH,27AAATT1989P1ZL,2026-03-13,2610623277,3400823247,2026,3192256061,001,,0000,000,2026-03-12,2025-12-17,INR,2526112126,RE,H,-779228.34,-779228.34,LDC-100%,0016060001,,,2026-03-12,IM12,660363,0,,,,,,,
1001,DIT00472AD,THE AUTOMOTIVE RESEARCH,27AAATT1989P1ZL,2026-01-20,2610542930,,2026,2610542930,001,,0000,000,2026-01-20,2026-01-20,INR,,KZ,S,1059486.13,1059486.13,,0016060001,,,2026-01-20,,897869,0,,,,,,,
1001,DIT00472AD,THE AUTOMOTIVE RESEARCH,27AAATT1989P1ZL,2025-12-31,2610518006,THE AUTOMOTIVE RES,2026,2510925720,003,,0000,000,2025-12-24,2025-12-09,INR,2526111718,KR,H,-31068.22,-31068.22,EXT. CERT.  THAR DIESEL MT 2WD FOR RE-DECLARTION O,0016060001,,,2025-12-24,D017,26329,0,JI,J3,10.0,100,10,94JB,ProfServFee@10%IndHUFFIRNS393(1)6(iii(b)
1001,DIT00472AD,THE AUTOMOTIVE RESEARCH,27AAATT1989P1ZL,2026-03-20,2610635427,THE AUTOMOTIVE RES,2026,2511187690,003,,0000,000,2026-03-16,2026-03-02,INR,2526115942,KR,H,-208494.2,-208494.2,EXT. CERT. TO XUV7XO AT & MT (5 MODELS) FOR ENGG.-,0016060001,,,2026-03-16,D017,176690,0,,,,,,,
1001,DIT00472AD,THE AUTOMOTIVE RESEARCH,27AAATT1989P1ZL,2025-12-31,2610518006,THE AUTOMOTIVE RES,2026,2510925828,003,,0000,000,2025-12-24,2025-07-02,INR,2526104539,KR,H,-140048.3,-140048.3,DEVELOPMENT HVAC TEST AS PER CUSTOMER REQUIREMENTS,0016060001,,,2025-12-24,D017,118685,0,JI,J3,10.0,100,10,94JB,ProfServFee@10%IndHUFFIRNS393(1)6(iii(b)
1001,DIT00472AD,THE AUTOMOTIVE RESEARCH,27AAATT1989P1ZL,2025-12-22,2610501832,THE AUTOMOTIVE RES,2026,2510885501,003,,0000,000,2025-12-11,2025-11-06,INR,2526109961,KR,H,-1831859.14,-1831859.14,FAMILY CERT. FOR MODEL XUV700 AX7 DSL AT AWD FOR E,0016060001,,,2025-12-11,D017,1552423,0,JI,J3,10.0,100,10,94JB,ProfServFee@10%IndHUFFIRNS393(1)6(iii(b)
1001,DIT00472AD,THE AUTOMOTIVE RESEARCH,27AAATT1989P1ZL,2026-04-10,2610117234,THE AUTOMOTIVE RES,2026,2511234580,003,,0000,000,2026-03-29,2026-03-25,INR,2526117468,KR,H,-922277.38,-922277.38,EXTN. CERT. SCORPIO-N DIESEL MT FOR ENGG. CHANGES-,0016060001,,,2026-03-29,D017,781591,0,,,,,,,
1001,DIT00472AD,THE AUTOMOTIVE RESEARCH,27AAATT1989P1ZL,2026-02-20,2610588161,THE AUTOMOTIVE RES,2026,2511080706,003,,0000,000,2026-02-12,2026-01-23,INR,2526113994,KR,H,-1090124.12,-1090124.12,EXT. CERTIFICATE FOR THAR ROXX MX3 D AT RWD FOR EN,0016060001,,,2026-02-12,D017,923834,0,JI,J3,10.0,100,10,94JB,ProfServFee@10%IndHUFFIRNS393(1)6(iii(b)
1001,DIT00472AD,THE AUTOMOTIVE RESEARCH,27AAATT1989P1ZL,2025-11-21,2610456645,,2026,2610456645,001,,0000,000,2025-11-21,2025-11-21,INR,,KZ,S,6801620.3,6801620.3,,0016060001,,,2025-11-21,,5764085,0,,,,,,,
1001,DIT00472AD,THE AUTOMOTIVE RESEARCH,27AAATT1989P1ZL,2025-12-10,2610485228,,2026,2610485228,001,,0000,000,2025-12-10,2025-12-10,INR,,KZ,S,1128118.94,1128118.94,,0016060001,,,2025-12-10,,956033,0,,,,,,,
1001,DIT00472AD,THE AUTOMOTIVE RESEARCH,27AAATT1989P1ZL,2026-02-10,2610572687,THE AUTOMOTIVE RES,2026,2511037278,003,,0000,000,2026-02-02,2026-01-02,INR,2526112906,KR,H,-653892.28,-653892.28,ISOFIX TEST ON W616 REAR 6040 & CAPTAIN SEATS-Cert,0016060001,,,2026-02-02,D017,554146,0,JI,J3,10.0,100,10,94JB,ProfServFee@10%IndHUFFIRNS393(1)6(iii(b)