Client,Company_Code,Supplier,Supplier_Name,PAN,Country,WTax_Type,WTx,TAN_Exemption,Recipient_Type,Exemption_Number,Exemption_Percentage,Exemption_From,Exemption_To,Exemption_Reason,Exemption_Threshold,Currency
500,1001,09RELBNT01,RELIANCE BROADCAST NETWORK LTD,AADCR1885L,IN,CI,C1,,0001,1AA0821ZBH,40,2021-08-10,2022-03-31,AL,2286724,INR
500,1001,AIRTELD101,BHARTI AIRTEL LTD,AAACB2894G,IN,CI,C1,,0001,1AB0421MRM,45,2021-04-22,2022-03-31,AL,1000000,
500,1001,SEFPL01,SREI EQUIPMENT,AAKCS3431L,IN,HI,H1,,0001,1AA0622BWF,70,2022-06-01,2023-03-31,AL,1450000,INR
500,1001,SITL111013,SONATA INFORMATION,AAECS8734J,IN,JI,J1,,0001,1AA1224JPP,70,2024-12-06,2025-03-31,AL,100000000,INR
500,1001,SDB1072J,SDB SELECT SERVICES PVT L,AAVCS1072J,IN,CI,C1,,0001,1AA0526VLO,70,2026-05-07,2027-03-31,AL,48214019,INR
500,1001,SJLLAM0222,JONES LANG LASALLE PROPERTY CONSULT,AAACL2089B,IN,JI,J1,,0001,1AJ0523FSI,65,2023-05-24,2024-03-31,AL,55882796,INR
500,1001,SJLLBH0322,JONES LANG LASALLE PROPERTY CONSULT,AAACL2089B,IN,JI,J1,,0001,1AJ0523FSI,65,2023-05-24,2024-03-31,AL,55882796,INR
500,1001,SJLLKL0722,JONES LANG LASALLE PROPERTY CONSULT,AAACL2089B,IN,JI,J1,,0001,1AJ0523FSI,65,2023-05-24,2024-03-31,AL,55882796,INR
500,1001,SJLLOD0922,JONES LANG LASALLE PROPERTY CONSULT,AAACL2089B,IN,JI,J1,,0001,1AJ0523FSI,65,2023-05-24,2024-03-31,AL,55882796,INR
500,1001,SJLLPN1022,JONES LANG LASALLE PROPERTY CONSULT,AAACL2089B,IN,JI,J1,,0001,1AJ0523FSI,65,2023-05-24,2024-03-31,AL,55882796,INR
500,1001,SJLLMP0822,JONES LANG LASALLE PROPERTY CONSULT,AAACL2089B,IN,JI,J1,,0001,1AJ0523FSI,65,2023-05-24,2024-03-31,AL,55882796,INR
500,1001,SJLLUP1322,JONES LANG LASALLE PROPERTY CONSULT,AAACL2089B,IN,JI,J1,,0001,1AJ0523FSI,65,2023-05-24,2024-03-31,AL,55882796,INR
500,1001,SL010331,LANDMARK MOBILITY PRIVATE,AAFCL5390N,IN,CI,C1,,0001,4NA0526ALA4A030,90,2026-05-29,2027-03-31,AL,3087329,INR
500,1001,SL010331,LANDMARK MOBILITY PRIVATE,AAFCL5390N,IN,HI,H1,,0001,4NA0526ALC4A003,90,2026-05-29,2027-03-31,AL,539716,INR
500,1001,SL010331,LANDMARK MOBILITY PRIVATE,AAFCL5390N,IN,LI,L1,,0001,4NA0526ALG4A003,90,2026-05-29,2027-03-31,AL,6273324,INR
500,1001,SL010331,LANDMARK MOBILITY PRIVATE,AAFCL5390N,IN,MI,M1,,0001,4NA0526ALH4A001,98,2026-05-29,2027-03-31,AL,6606594,INR
500,1001,SHDEL25724,DTDC EXPRESS LIMITED,AAACD8017H,IN,CI,C1,,0001,1AF0525EER,37.5,2025-05-22,2026-03-31,AL,47000000,INR
500,1001,SL010951,LANDMARK MOBILITY PRIVATE,AAFCL5390N,IN,CI,C1,,0001,4NA0526ALA4A030,90,2026-05-29,2027-03-31,AL,3087329,INR
500,1001,SL010951,LANDMARK MOBILITY PRIVATE,AAFCL5390N,IN,HI,H1,,0001,4NA0526ALC4A003,90,2026-05-29,2027-03-31,AL,539716,INR
500,1001,SL010951,LANDMARK MOBILITY PRIVATE,AAFCL5390N,IN,LI,L1,,0001,4NA0526ALG4A003,90,2026-05-29,2027-03-31,AL,6273324,INR
500,1001,SL010951,LANDMARK MOBILITY PRIVATE,AAFCL5390N,IN,MI,M1,,0001,4NA0526ALH4A001,98,2026-05-29,2027-03-31,AL,6606594,INR
500,1001,SEFPL02,SREI EQUIPMENT FINANCE LIMITED,AAKCS3431L,IN,HI,H1,,0001,1AA0622BWF,70,2022-06-01,2023-03-31,AL,1450000,INR
500,1001,SBS0718,STAUNCH BUSINESS SOLUTIONS,ADHFS4693M,IN,CI,C4,,0009,1AB0522DPL,50,2022-05-06,2023-03-31,AL,450000000,INR
500,1001,SFT015,SIFY TECHNOLOGIES LTD,AAACS9032R,IN,JI,J1,,0001,1AD0625HQY,90,2025-06-17,2026-03-31,AL,3189842,INR
500,1001,SERJLH228,JUPITER LIFELINE HOSPITALS LTD.,AABCJ1982E,IN,JI,J1,,0001,1AA1023JRN,35,2023-10-11,2024-03-31,AL,2239804,INR
500,1001,SERSOT230,SOTC TRAVEL LIMITED,AAGCS6725D,IN,CI,C1,,0001,1AA1223PST,75,2023-12-20,2024-03-31,AL,100000000,INR
500,1001,SIPL300519,SITECORE INDIA PVT. LTD.,AAYCS2461G,IN,JI,J1,,0001,1AA1023GLL,55,2023-10-09,2024-03-31,AL,20501548,INR
500,1001,SILSEA2301,SEABIRD LOGISOLUTIONS LIMITED,AAECM3609A,IN,CI,C1,,0001,1AA0525TRB,75,2025-05-03,2026-03-31,AL,11242481,INR
500,1001,SGSL20121,SUZLON GLOBAL SERVICES LIMITED,AAICS1406R,IN,CI,C1,,0009,1AC0422AUU,97.5,2022-04-19,2023-03-31,AL,2600000,INR
500,1001,SGSL20121,SUZLON GLOBAL SERVICES LIMITED,AAICS1406R,IN,CI,C1,,0001,1AA0323VVS,97.5,2023-04-01,2024-03-31,AL,9800000,INR
500,1081,SA1080,A. R. A. I.,AAATT1989P,IN,JI,J3,,0001,1AD0526CVA,100,2025-05-19,2027-03-31,AL,110000000,INR
500,1001,SA1080,A. R. A. I.,AAATT1989P,IN,JI,J3,,0001,1AC0625RVZ,100,2025-06-13,2026-03-31,AL,440000000,INR
500,1079,SA1080,A. R. A. I.,AAATT1989P,IN,JI,J3,,0001,1AD0526CVD,100,2026-05-19,2027-03-31,AL,110000000,INR
500,1001,TUV002,TUV India Private Limited,AAACT2209D,IN,JI,J1,,0001,1AA0625ISU,50,2025-06-02,2026-03-31,AL,5569000,INR
500,1001,TCE0772,TATA CONSULTING ENGINEERS TD,AABCT0772E,IN,JI,J1,,0001,1AA0725QFD,28.1,2025-07-04,2026-03-31,AL,886207,INR
500,1001,TUVHYD17,TUV India Pvt Ltd,AAACT2209D,IN,JI,J1,,0001,1AD0422JYA,50,2022-04-26,2023-03-31,AL,3000000,INR
500,1001,T0142,TUV INDIA PVT. LTD,AAACT2209D,IN,JI,J1,,0001,1AA0625ISU,50,2025-06-02,2026-03-31,AL,5569000,INR
500,1001,T0002H,TVS SUPPLY CHAIN SOLUTIONS,AACCT1412E,IN,CI,C1,,0001,1AG0525CFZ,77.5,2025-05-27,2026-03-31,AL,604520262,INR
500,1001,TMPL21,TENET MEDCORP PRIVATE LIMITED,AAGCC8833Q,IN,JI,J1,,0001,1AH0524MEK,96,2024-05-21,2025-03-31,AL,759031,INR
500,1001,TLSPL1220,TAASHEE LINUX SERVICES PVT LTD,AAHCT8466D,IN,JI,J1,,0001,1AA0521AGF,85,2021-05-03,2022-03-31,AL,1500000,
500,1001,THRL01,TALENTPRO INDIA HR PRIVATE LIMITED,AABCP9823A,IN,JI,J1,,0001,1AF0425RHF,99.4,2025-04-21,2026-03-31,AL,200000,INR
500,1001,TEF1162,Teamlease Education Foundation,AADCT8958N,IN,CI,C1,,0001,1AE0625OEU,75,2025-06-24,2026-03-31,AL,31377000,INR
500,1001,TCI025342B,TCI Suppy chain solutions,AAACT7966R,IN,CI,C1,,0001,1AE0424LAJ,65,2024-04-24,2025-03-31,AL,101000000,INR
500,1081,TCI025342B,TCI Suppy chain solutions,AAACT7966R,IN,CI,C1,,0001,1AA0426SZQ,65,2026-04-02,2027-03-31,AL,69190000,INR
500,1001,SYNRV2,MAHINDRA INTEGRATED BUSINESS SOLUTI,AAGCM9780N,IN,JI,J1,,0001,1AD0725FHI,70,2025-07-31,2026-03-31,AL,1222281345,INR
500,1001,TTS15H,THINK TALENT SERVICES PRIVATE LIMIT,AADCT2315H,IN,JI,J1,,0001,1AD0625XMX,95,2025-06-20,2026-03-31,AL,100000,INR
500,1079,SPSHAR2401,HARITA TECHSERV PRIVATE LIMITED,AAACH2489K,IN,JI,J1,,0001,1AD0526GQE,85,2026-05-20,2027-03-31,AL,20800000,INR
500,1001,SPSIBT0123,INFRABEAT TECHNOLOGIES PR,AADCI2231B,IN,JI,J1,,0001,1AH0425EJC,81,2025-04-29,2026-03-31,AL,6000000,INR
500,1081,STS25464B,SHARPSELL TECHNOLOGY SOLUTIONS PRIV,AAFCH5205E,IN,JI,J1,,0001,1NC0626BQR,90,2026-06-30,2027-03-31,AL,14030000,INR
500,1001,TSL00012,TEAMLEASE SERVICES LIMITED,AABCT5458K,IN,CI,C1,,0001,1AC0425DOH,85,2025-04-07,2026-03-31,AL,379378957,INR
500,1001,TO5362,DTDC EXPRESS LIMITED,AAACD8017H,IN,CI,C1,,0001,1AF0525EER,37.5,2025-05-22,2026-03-31,AL,47000000,INR
500,1081,SPTAL0125,TALENT HIRED-THE JOB STOR,AAECT4240J,IN,JI,J1,,0001,1AF0426WOG,88,2026-04-27,2027-03-31,AL,13799000,INR
500,1081,TCI254986B,TCI Supply Chain Solutions,AAACT7966R,IN,CI,C1,,0001,1AA0426SZQ,65,2026-04-02,2027-03-31,AL,69190000,INR
500,1001,T080,TUV INDIA PVT LTD,AAACT2209D,IN,JI,J1,,0001,1AC0523RFR,50,2023-05-12,2024-03-31,AL,2500000,INR
500,1001,TF0003,FLYJAC LOGISTICS PVT. LTD.,AABCF2133M,IN,CI,C1,,0001,1AD0625EMD,5,2025-06-17,2026-03-31,AL,128789198,INR
500,1001,TSTPL21116,THINKINNOV SOLUTION TECHNOLOGIES,AAFCT3855N,IN,JI,J1,,0001,1NA0926SVB,50,2026-09-10,2027-03-31,AL,25099759,INR
500,1001,SRMIST105C,SRM IST,AADTS3688K,IN,JI,J3,,0001,1AE0621QMR,100,2021-06-22,2022-03-31,AL,10169,INR
500,1001,T1163,TUV INDIA PRIVATE LIMITED,AAACT2209D,IN,JI,J1,,0001,1AA0625ISU,50,2025-06-02,2026-03-31,AL,5569000,INR
500,1001,TNA1820,ADECCO INDIA PVT LTD,AABCG3636Q,IN,JI,J1,,0001,1AC0521WVD,80,2021-05-15,2022-03-31,AL,17700000,
500,1001,T1050MP,Terrier Security Service India Priv,AADCT1832F,IN,CI,C1,,0001,1AA0426VTK,75,2026-04-02,2027-03-31,AL,12992344,INR
500,1001,T1767,TEAMLEASE SKILLS UNIVERSITY,AAAJT2549P,IN,CI,C4,,0009,1AA0421IGD,100,2021-04-12,2022-03-31,AN,70164645,INR
500,1001,SRM105CH,SRM MEDICAL COLLEGE,AADTS3688K,IN,JI,J1,,0001,1AE0621QMR,100,2021-06-22,2022-03-31,AL,10169,INR
500,1001,FAB01GO,Casa2 Stays Private Limited,AAFCC6416Q,IN,CI,C1,,0001,1AG0426KJR,87.5,2026-04-29,2027-03-31,AL,9500000,INR
500,1001,FAB01GO,Casa2 Stays Private Limited,AAFCC6416Q,IN,CP,C1,,0001,1AG0426KJR,87.5,2026-04-29,2027-03-31,AL,9500000,INR
500,1001,FABHOTEL01,Casa2 Stays Private Limited,AAFCC6416Q,IN,CI,C1,,0001,1AG0426KJR,87.5,2026-04-29,2027-03-31,AL,9500000,INR
500,1001,FI0088,INTERGLOBE HOTELS PVT LTD.,AABCI2732H,IN,CI,C1,,0001,1AA0524HJE,95,2024-04-30,2025-03-31,AL,2960000,INR
500,1001,FI0088,INTERGLOBE HOTELS PVT LTD.,AABCI2732H,IN,II,I1,,0001,1AA0524HQI,99,2024-04-30,2025-03-31,AL,5610000,INR
500,1001,FI0088,INTERGLOBE HOTELS PVT LTD.,AABCI2732H,IN,8I,IA,,0001,1AA0524HQI,99,2024-04-30,2025-03-31,AL,5610000,INR
500,1001,FITS01,FLEXING IT SERVICES PVT L,AACCF3852A,IN,JI,J1,,0001,1AC0425KZJ,84.5,2025-04-08,2026-03-31,AL,5000000,INR
500,1001,S2160,SUNDHARAMS PVT LTD,1,IN,CI,C1,,0001,1AD0623TQW,40,2023-06-12,2024-03-31,AL,106316000,INR
500,1001,S0202,SONATA INFORMATION  TECHNOLOGY LTD.,AAECS8734J,IN,JI,J1,,0001,1AA0623DID,65,2023-05-31,2024-03-31,AL,15310000,INR
500,1001,S0201,SONATA INFORMATION TECHNOLOGY LTD.,AAECS8734J,IN,JI,J1,,0001,1AA1224JPP,70,2024-12-06,2025-03-31,AL,100000000,INR
500,1001,RE29020,RELIANCE BROADCAST NETWORK LIMITED,AADCR1885L,IN,CI,C1,,0001,1AA0821ZBH,40,2021-08-10,2022-03-31,AL,2286724,INR
500,1001,S01367,SHOBIZ EXPERIENTIAL COMMU,AABCS4372D,IN,JI,J5,,0001,1AB0822BGE,75,2022-08-12,2023-03-31,AL,7500000,INR
500,1001,R107,SODEXO INDIA SERVICES PRIVATE LIMIT,AAACR2547Q,IN,CI,C1,,0001,1AA0622CUH,50,2022-06-01,2023-03-31,AL,25351263,INR
500,1001,RTPL0917,RETROFIT TECHNOLOGY PVT. LTD.,AAHCR1573K,IN,CI,C1,,0001,1AC0426LLA,82.5,2026-04-13,2027-03-31,AL,1100000000,INR
500,1001,S01282,PLUXEE INDIA PRIVATE LIMI,AALCS9822Q,IN,CI,C1,,0001,1AC0426YUV,87.5,2026-04-15,2027-03-31,AL,20895111,INR
500,1001,S01282,PLUXEE INDIA PRIVATE LIMI,AALCS9822Q,IN,CP,C1,,0001,1AC0426YUV,87.5,2026-04-15,2027-03-31,AL,20895111,INR
500,1001,RACPL01,RSM ASTUTE CONSULTING PRIVATE LIMIT,AAFCA6344R,IN,JI,J1,,0001,1AH0425EGF,30,2025-04-29,2026-03-31,AL,818000000,INR
500,1001,RGMAPL105C,Gleneagles Healthcare India Private,AABCR4013N,IN,JI,J1,,0001,1AC0423KLD,99,2023-04-17,2024-03-31,AL,2220000,INR
500,1081,29MAS1022,Mahindra Logistic Ltd,AAFCM2530H,IN,CI,C1,,0001,1AD0426EMP,60,2026-04-16,2027-03-31,AL,3423983036,INR
500,1081,36MAS1022,MAHINDRA LOGISTICS LTD,AAFCM2530H,IN,CI,C1,,0001,1AD0426EMP,60,2026-04-16,2027-03-31,AL,3423983036,INR
500,1079,AEPL01,AWIGN ENTERPRISES PRIVATE,AAOCA5799B,IN,JI,J1,,0001,1AD0724MWL,90,2024-07-25,2025-03-31,AL,1306391,INR
500,1001,AEPL01,AWIGN ENTERPRISES PRIVATE,AAOCA5799B,IN,JI,J1,,0001,1AD0625WZC,99,2025-06-20,2026-03-31,AL,6000000,INR
500,1001,A00582,AUTOMOTIVE RESEARCH ASSOCIATION,AAATT1989P,IN,JP,J3,,0001,1AD0526CUH,100,2026-05-19,2027-03-31,AL,350000000,INR
500,1001,A00582,AUTOMOTIVE RESEARCH ASSOCIATION,AAATT1989P,IN,JI,J3,,0001,1AD0526CUH,100,2026-05-19,2027-03-31,AL,350000000,INR
500,1001,6VERMLN,VERMMILLION COMMUNICATIONS PVT LTD,AACCV0488N,IN,CI,C1,,0001,1AG0521ITE,90,2021-05-29,2022-03-31,AL,10000000,INR
500,1001,24MKTG1820,ADECCO INDIA PVT LTD,AABCG3636Q,IN,JI,J1,,0001,1AC0521WVD,80,2021-05-15,2022-03-31,AL,17700000,
500,1001,7C0002,CADDIE HOTELS PRIVATE LIM ITED,AADCC6520H,IN,CI,C1,,0001,1AI0524PJP,95,2024-05-27,2025-03-31,AL,2000000,INR
500,1001,AGCCDLL313,DELHIVERY LIMITED,AAPCS9575E,IN,CI,C1,,0001,1AA0125VBY,95,2025-01-22,2025-03-31,AL,334906000,INR
500,1001,AFE100,AUTOFORM ENGINEERING INDI,AAFCA0098Q,IN,JI,J1,,0001,1AI0524HEK,70,2024-05-24,2025-03-31,AL,36149177,INR
500,1001,A01361B,APOLLO HEALTH AND LIFESTYLE LIMITED,AADCA0733E,IN,JI,J1,,0001,1AG0523IOD,99,2023-05-19,2024-03-31,AL,10279707,INR
500,1001,33IBIS001,INTERGLOBE HOTELS PRIVATE LIMITED,AABCI2732H,IN,CI,C1,,0001,1AA0524HJE,95,2024-04-30,2025-03-31,AL,2960000,INR
500,1001,33IBIS001,INTERGLOBE HOTELS PRIVATE LIMITED,AABCI2732H,IN,II,I1,,0001,1AA0524HQI,99,2024-04-30,2025-03-31,AL,5610000,INR
500,1001,18RBNL083,RELIANCE BROADCAST NETWORK LIMITED,AADCR1885L,IN,CI,C1,,0001,1AA0821ZBH,40,2021-08-10,2022-03-31,AL,2286724,INR
500,1001,A7100,ADITYA BIRLA HEALTH SERVICES LTD,AADCA7613B,IN,JI,J1,,0001,1AF0622DPV,99,2022-06-28,2023-03-31,AL,24390000,INR
500,1001,S02316,SIMULANIS SOLUTIONS PRIVA,AAUCS1980J,IN,JI,J1,,0001,1AA0724MVE,90,2024-07-03,2025-03-31,AL,4500000,INR
500,1001,RTFTPL0917,RETROFIT TECHNOLOGY PVT. LTD,AAHCR1573K,IN,CI,C1,,0001,1AC0426LLA,82.5,2026-04-13,2027-03-31,AL,1100000000,INR
500,1001,RTPL0623,RAPIDUE TECHNOLOGIES  PRIVATE LIMIT,AAHCR5399H,IN,JI,J1,,0001,1AE0624WBK,99,2024-06-25,2025-03-31,AL,830084,INR
500,1001,S10153,SUNDHARAMS PRIVATE LIMITED,AAACS4949P,IN,CI,C1,,0001,1AA0624JXU,62.5,2024-05-31,2025-03-31,AL,22969000,INR
500,1001,PEC0219,POLESTAR ENGINEERING CO,AADFP6081H,IN,CI,C4,,0001,1AD0625REG,82.5,2025-06-18,2026-03-31,AL,1500000000,INR
500,1001,PLMR01,MAHINDRA REVA ELECTRIC VEHICLES PVT,AABCR2858R,IN,CI,C1,,0001,1AF0621FKX,75,2021-06-26,2022-03-31,AL,150000000,INR
500,1001,PEC1218,POLESTAR ENGINEERING CO,AADFP6081H,IN,CI,C4,,0001,1AD0625REG,82.5,2025-06-18,2026-03-31,AL,1500000000,INR
500,1001,POLESTAR01,POLESTAR ENGINEERING CO.,AADFP6081H,IN,CI,C4,,0001,1AD0625REG,82.5,2025-06-18,2026-03-31,AL,1500000000,INR
500,1001,PLMR02,MAHINDRA ELECTRIC MOBILITY LIMITED,AABCR2858R,IN,JI,J5,,0001,1AF0522DGH,75,2022-05-23,2023-03-31,AL,1072380500,INR
500,1001,PNA1820,ADECCO INDIA PVT LTD,AABCG3636Q,IN,JI,J1,,0001,1AC0521WVD,80,2021-05-15,2022-03-31,AL,17700000,
500,1001,P6999,PREMON ASIA INDIA PVT. LTD.,AAHCP4787H,IN,JI,J1,,0001,1AC0725LIB,60,2025-07-23,2026-03-31,AL,1500000,INR
500,1001,PERSU105CH,PEREGRINE GUARDING PVT. LTD,AADCP2498P,IN,CI,C1,,0001,1AJ0523NLJ,75,2023-05-25,2024-03-31,AL,4351953,INR
500,1001,PGPLD101,PEREGRINE GUARDING PVT LTD,AADCP2498P,IN,CI,C1,,0001,1AJ0523NLJ,75,2023-05-25,2024-03-31,AL,4351953,INR
500,1001,CT0012A,TATA CONSULTING ENGINEERS LIMITED,AABCT0772E,IN,JI,J1,,0001,1AA0725QFD,28.1,2025-07-04,2026-03-31,AL,886207,INR
500,1001,DASSAULT1,DASSAULT SYSTEMES INDIA PRIVATE LIM,AACCD7672A,IN,JI,J1,,0001,1NC0726NSM,87,2026-07-17,2027-03-31,AL,914462070,INR
500,1081,DCP00333AA,PARAMTECH CAD SERVICES,AAHCP6576C,IN,JI,J1,,0001,1NA0826DJW,84,2026-08-06,2027-03-31,AL,36241947,INR
500,1079,DIA00493AA,AD ASTRA CONSULTANTS PVT LTD,AAGCA0236K,IN,JI,J1,,0001,1AG0425SQO,80,2025-04-28,2026-03-31,AL,15000000,INR
500,1001,DIA00493AA,AD ASTRA CONSULTANTS PVT LTD,AAGCA0236K,IN,JI,J1,,0001,4AF0426WTO4A005,82.5,2026-04-27,2027-03-31,AL,20000000,INR
500,1001,DCI00181AA,INTERACTIVE AVENUES PRIVATE,AACCI0954J,IN,CI,C1,,0001,1ND0726ETP,25,2026-07-24,2027-03-31,AL,1476824000,INR
500,1079,DCI00181AA,INTERACTIVE AVENUES PRIVATE,AACCI0954J,IN,CI,C1,,0001,1ND0726EUX,25,2026-07-24,2027-03-31,AL,31189000,INR
500,1001,DCI00181AA,INTERACTIVE AVENUES PRIVATE,AACCI0954J,IN,JI,J1,,0001,1ND0726EYS,70,2026-07-24,2027-03-31,AL,58622000,INR
500,1001,DCC00240AA,CRAYON SOFTWARE EXPERTS INDIA,AAFCC6808E,IN,JI,J1,,0001,1NA0926MEW,63.5,2026-09-04,2027-03-31,AL,117350000,INR
500,1001,DIA00441AB,AVL Technical Centre Pvt. Ltd.,AADCA1470C,IN,JI,J5,,0001,1AA0526LJX,41.5,2026-05-05,2027-03-31,AL,300000000,INR
500,1001,DCM00374AA,MEHRAB MOTORS PVT. LTD.,AAECM2799M,IN,CI,C1,,0001,1NA0526JMH,62.5,2026-05-14,2027-03-31,AL,12000000,INR
500,1079,DDA00224AA,Amazon Digital Services,AADCJ1977B,IN,JI,J1,,0001,1AC0326LBF,90,2026-04-01,2027-03-31,AL,91128000,INR
500,1001,D00121,DASSAULT SYSTEMS INDIA PVT. LTD.,AACCD7672A,IN,JI,J1,,0001,1NC0726NSM,87,2026-07-17,2027-03-31,AL,914462070,INR
500,1081,DCQ00013AA,QUALITYKIOSK TECHNOLOGIES,AAACQ0609C,IN,JI,J1,,0001,1AD0426MDK,59.5,2026-04-17,2027-03-31,AL,3500000,INR
500,1001,DC074,CAPARO ENGINEERING INDIA LTD.,AABCC7862N,IN,CI,C1,,0001,1AC0624NMP,87.5,2024-06-10,2025-03-31,AL,11900000,INR
500,1079,DADSPL1,Amazon Digital Services Private Lim,AADCJ1977B,IN,JI,J1,,0001,1AC0326LBF,90,2026-04-01,2027-03-31,AL,91128000,INR
500,1001,DDT00472AC,AUTOMOTIVE RESEARCH ASSOCIATION,AAATT1989P,IN,JI,J3,,0001,1AD0526CUH,100,2026-05-19,2027-03-31,AL,350000000,INR
500,1001,DDT00472AC,AUTOMOTIVE RESEARCH ASSOCIATION,AAATT1989P,IN,JP,J3,,0001,1AD0526CUH,100,2026-05-19,2027-03-31,AL,350000000,INR
500,1079,DCD00384AB,DESIGNTECH SYSTEMS PRIVAT,AABCD2335F,IN,JI,J1,,0001,1NA0726SQD,66.5,2026-07-06,2027-03-31,AL,8426700,INR
500,1001,J190,JUPITER LIFELINE HOSPITALS LTD.,AABCJ1982E,IN,JI,J1,,0001,1AA1023JRN,35,2023-10-11,2024-03-31,AL,2239804,INR
500,1001,I00343,IPSOS INDICA RESEARCH PVT. LTD.,AABCI3609K,IN,JI,J1,,0001,1AI0522MYC,50,2022-05-30,2023-03-31,AL,28226825,INR
500,1001,JH001,JASLOK HOSPITAL and RESEARCH CENTRE,AAAAJ0028Q,IN,JI,J1,,0001,1AC0424NAK,100,2024-04-16,2025-03-31,AL,1500000,INR
500,1001,ISSCH3815,ISS FACILITY SERVICE INDIA PVT LTD,AABCI3815M,IN,CI,C1,,0001,1AG0425HFY,42.5,2025-04-23,2026-03-31,AL,422820,INR
500,1001,ISORA105CH,IPSOS RESEARCH PRIVATE LIMITED,AABCI3609K,IN,JI,J1,,0001,1AG0425EGO,44,2025-04-23,2026-03-31,AL,3734000,INR
500,1001,JLL003,JONES LANG LASALLE PROPERTY,AAACL2089B,IN,JI,J1,,0001,1AJ0523FSI,65,2023-05-24,2024-03-31,AL,55882796,INR
500,1001,ISS815M,ISS FACILITY SERVICES INDIA PRIVATE,AABCI3815M,IN,CI,C1,,0001,1AC0624MKG,42.5,2024-06-10,2025-03-31,AL,333372,INR
500,1001,ISS17,ISS SDB SECURITY SERVICES PRIVATE L,AAACT3628C,IN,CI,C1,,0001,1AF0425HRQ,62.5,2025-04-17,2026-03-31,AL,1409298,INR
500,1001,ISDB3628,ISS SDB Security Service Private Li,AAACT3628C,IN,CI,C1,,0001,1AF0425HRQ,62.5,2025-04-17,2026-03-31,AL,1409298,INR
500,1001,ISSKOL3628,ISS SDB Security Service Pvt. Ltd.,AAACT3628C,IN,CI,C1,,0001,1AF0425HRQ,62.5,2025-04-17,2026-03-31,AL,1409298,INR
500,1001,ISSFS1,ISS FACILITY SERVICES,AABCI3815M,IN,CI,C1,,0001,1AG0425HFY,42.5,2025-04-23,2026-03-31,AL,422820,INR
500,1001,IFBIPL015,INFOBIP INDIA PVT LTD,AADCI4073K,IN,JI,J1,,0001,1NA0726YDI,65,2026-07-07,2027-03-31,AL,23000000,INR
500,1001,IMPGP003,MAHINDRA INTEGRATED BUSINESS SOLUTI,AAGCM9780N,US,JI,J1,,0001,1AD0725FHI,70,2025-07-31,2026-03-31,AL,1222281345,INR
500,1079,IMPGP003,MAHINDRA INTEGRATED BUSINESS SOLUTI,AAGCM9780N,US,JI,J1,,0001,1AD0725FHX,70,2025-07-31,2026-03-31,AL,2789382109,INR
500,1001,JLHL001,JUPITER LIFELINE HOSPITALS LIMITED,AABCJ1982E,IN,JI,J1,,0001,1AA1023JRN,35,2023-10-11,2024-03-31,AL,2239804,INR
500,1001,INPK037MT,A.T. KEARNEY CONSULTING (INDIA) PRI,AATCA4674L,IN,JI,J5,,0001,1AD0522PGR,25,2022-05-17,2023-03-31,AL,158111169,INR
500,1001,INPK037MT,A.T. KEARNEY CONSULTING (INDIA) PRI,AATCA4674L,IN,JP,J5,,0001,1AD0522PGR,25,2022-05-17,2023-03-31,AL,158111169,INR
500,1001,IATPL3897,IDIADA AUTOMOTIVE TECHNOL,AABCI8147E,IN,JI,J1,,0001,1AC0625ULT,47,2025-06-13,2026-03-31,AL,22500000,INR
500,1001,IES100,INTELIZIGN ENGINEERING SE,AABCI6225K,IN,JI,J1,,0009,1AA0819GWX,40,2019-09-24,2020-03-31,AL,41000,INR
500,1001,ILS250322,Intelizign Lifecycle Services Priva,AAGCI2284M,IN,JI,J1,,0001,1AB0526ELZ,65,2026-05-11,2027-03-31,AL,64860552,INR
500,1081,ILS250322,Intelizign Lifecycle Services Priva,AAGCI2284M,IN,JP,J1,,0001,1AB0526EMB,65,2026-05-11,2027-03-31,AL,4274160,INR
500,1081,ILS250322,Intelizign Lifecycle Services Priva,AAGCI2284M,IN,JI,J1,,0001,1AB0526EMB,65,2026-05-11,2027-03-31,AL,4274160,INR
500,1001,JMBH01,J M BAXI HEAVY PRIVATE LIMITED,AAHCB1624K,IN,CI,C1,,0001,1AD0724BLQ,90,2024-07-18,2025-03-31,AL,5000000,INR
500,1001,GS9466,Girnar Software Private Limited,AACCG7277J,IN,CI,C1,,0001,1AD0722GUP,75,2022-07-26,2023-03-31,AL,42725000,INR
500,1001,GS9466,Girnar Software Private Limited,AACCG7277J,IN,JI,J1,,0001,1AD0722HHT,95,2022-07-26,2023-03-31,AL,23149200,INR
500,1001,HRA0184701,GATI-KINTETSU EXPRESS PVT LTD,AADCG2096A,IN,CI,C1,,0001,1AG0525ISM,95,2025-05-29,2026-03-31,AL,100000000,INR
500,1001,H098741,HERO MINDMINE INSTITUTE PRIVATE LIM,AABCH8741B,IN,JI,J1,,0001,1NA0626TBA,75,2026-06-12,2027-03-31,AL,10000000,INR
500,1001,GJA0319201,JONES LANG LASALLE PROPERTY CONSULT,AAACL2089B,IN,JI,J1,,0001,1AJ0523FSI,65,2023-05-24,2024-03-31,AL,55882796,INR
500,1001,H02124B,HARITA TECHSERV LIMITED,AAACH2489K,IN,JI,J1,,0001,1AC0624DMR,100,2024-06-07,2025-03-31,AL,15000000,INR
500,1001,H00436,Heuristix Digital Technologies Priv,AADCH7341B,IN,JI,J1,,0001,1AE0625REY,96.5,2025-06-25,2026-03-31,AL,5898597,INR
500,1001,GPSTN0818,G S P POWER SYSTEMS PRIVATE LIMITED,AACCG0581H,IN,CI,C1,,0009,1AA0822UVI,55,2022-08-18,2023-03-31,AL,12500000,INR
500,1001,HMIL01,HERO MINDMINE INSTITUTE PVT LTD,AABCH8741B,IN,JI,J1,,0001,1NA0626TBA,75,2026-06-12,2027-03-31,AL,10000000,INR
500,1081,HMLL2017,MAHINDRA LOGISTIC LTD,AAFCM2530H,IN,CI,C1,,0001,1AD0426EMP,60,2026-04-16,2027-03-31,AL,3423983036,INR
500,1001,HTML_01TG,HT MEDIA LIMITED,AABCH3165P,IN,CI,C1,,0001,1AC0725LIB,85,2025-07-23,2026-03-31,AL,3846000,INR
500,1001,GPSTG1118,G S P POWER SYSTEMS PRIVATE LIMITED,AACCG0581H,IN,CI,C1,,0009,1AA0822UVI,55,2022-08-18,2023-03-31,AL,12500000,INR
500,1001,GIRNARS11,GIRNAR SOFTWARE PRIVATE LIMITED,AACCG7277J,IN,CI,C1,,0001,1AD0722GUP,75,2022-07-26,2023-03-31,AL,42725000,INR
500,1001,HP001,P.D.HINDUJA NATIONAL HOSPITAL,AAATN0093Q,IN,JI,J1,,0001,1AD0522DSJ,100,2022-05-13,2023-03-31,AL,15230768,
500,1001,MSBDPL01,DELHIVERY PRIVATE LIMITED,AAPCS9575E,IN,CI,C1,,0001,1AA0125VBY,95,2025-01-22,2025-03-31,AL,334906000,INR
500,1001,MSBDPL07,DELHIVERY PRIVATE LIMITED,AAPCS9575E,IN,CI,C1,,0001,1AD0623KIT,95,2023-06-09,2024-03-31,AL,1058100000,INR
500,1001,MSBDPL04,DELHIVERY PRIVATE LIMITED,AAPCS9575E,IN,CI,C1,,0001,1AD0623KIT,95,2023-06-09,2024-03-31,AL,1058100000,INR
500,1001,MSBDLRAN01,DELHIVERY LIMITED,AAPCS9575E,IN,CI,C1,,0001,1AA0125VBY,95,2025-01-22,2025-03-31,AL,334906000,INR
500,1001,MSBDLPB01,DELHIVERY LIMITED,AAPCS9575E,IN,CI,C1,,0001,1AA0125VBY,95,2025-01-22,2025-03-31,AL,334906000,INR
500,1079,MRVTACTD01,ACTEVIA TECHNOLOGY SERVICES PRIVATE,AAUCA3130C,IN,JI,J1,,0001,1AB0326EUU,50,2026-04-01,2027-03-31,AL,10000000,INR
500,1001,MS0017,AD ASTRA CONSULTANTS PVT,AAGCA0236K,IN,JI,J1,,0001,1AG0425SQN,80,2025-04-28,2026-03-31,AL,15000000,INR
500,1079,MS0017,AD ASTRA CONSULTANTS PVT,AAGCA0236K,IN,JI,J1,,0001,4AF0426WTO4A009,82.5,2026-04-27,2027-03-31,AL,10000000,INR
500,1081,MS0017,AD ASTRA CONSULTANTS PVT,AAGCA0236K,IN,JI,J1,,0001,4AF0426WTO4A021,82.5,2026-04-27,2027-03-31,AL,10000000,INR
500,1001,MRVDO00351,TUV INDIA PRIVATE LTD,AAACT2209D,IN,JI,J1,,0001,1AA0625ISU,50,2025-06-02,2026-03-31,AL,5569000,INR
500,1081,MRVDO00351,TUV INDIA PRIVATE LTD,AAACT2209D,IN,JP,J1,,0001,4NA0626AAB4D060,50,2026-06-01,2027-03-31,AL,1840000,INR
500,1081,MRVDO00351,TUV INDIA PRIVATE LTD,AAACT2209D,IN,JI,J1,,0001,4NA0626AAB4D060,50,2026-06-01,2027-03-31,AL,1840000,INR
500,1079,MRVDO00351,TUV INDIA PRIVATE LTD,AAACT2209D,IN,JI,J1,,0001,4NA0626AAB4G873,50,2026-06-01,2027-03-31,AL,400000,INR
500,1001,MRVDS00041,ASM DIGITAL ENGINEERING PRIVATE LIM,AACCC8083G,IN,JI,J1,,0001,1AD0724HRL,80,2024-07-22,2025-03-31,AL,14971428,INR
500,1001,MRVDS00087,UNIQ SECURITY SOLUTIONS PRIVATE LIM,AAACU2509B,IN,CI,C1,,0001,1AB0724RXZ,50,2024-07-08,2025-03-31,AL,12737280,INR
500,1081,N01114B,NEEDS MAN POWER SUPPORT SERV P.LTD.,AACCN4867B,IN,CI,C1,,0001,1NA0626QFJ,67.5,2026-06-10,2027-03-31,AL,28754079,INR
500,1001,N01114B,NEEDS MAN POWER SUPPORT SERV P.LTD.,AACCN4867B,IN,CI,C1,,0001,1NA0626QFK,67.5,2026-06-10,2027-03-31,AL,28754079,INR
500,1001,MRVDS00099,Bharti Airtel,AAACB2894G,IN,JI,J1,,0001,1AB0325QYO,98,2025-04-01,2026-03-31,AL,20845569,INR
500,1001,MPENIL001,Entertainment Network India ltd Rad,AAACE7796G,IN,CI,C1,,0001,1AE0621PSR,0.5,2021-06-22,2022-03-31,AL,43261047,INR
500,1001,MRVL004,LAYAM MANAGEMENT SOLUTION,AABCL6457A,IN,CI,C1,,0001,1NB0726FGJ,87.5,2026-07-09,2027-03-31,AL,336616582,INR
500,1001,MSBDPL06,DELHIVERY PRIVATE LIMITED,AAPCS9575E,IN,CI,C1,,0001,1AA0125VBY,95,2025-01-22,2025-03-31,AL,334906000,INR
500,1001,MSBDPL05,DELHIVERY PRIVATE LIMITED,AAPCS9575E,IN,CI,C1,,0001,1AA0125VBY,95,2025-01-22,2025-03-31,AL,334906000,INR
500,1001,MSBTVSJP01,TVS SUPPLY CHAIN SOLUTIONS LIMITED,AACCT1412E,IN,CI,C1,,0001,1AG0525CFZ,77.5,2025-05-27,2026-03-31,AL,604520262,INR
500,1001,MSBDTDC01,DTDC EXPRESS LIMITED,AAACD8017H,IN,CI,C1,,0001,1AF0525EER,37.5,2025-05-22,2026-03-31,AL,47000000,INR
500,1001,MSBDPL02,DELHIVERY PRIVATE LIMITED,AAPCS9575E,IN,CI,C1,,0001,1AD0623KIT,95,2023-06-09,2024-03-31,AL,1058100000,INR
500,1001,MT0094,TATA MEMORIAL HOSPITAL.,AAATT3620R,IN,JI,J3,,0001,1AC0724BAE,100,2024-07-10,2025-03-31,AL,100000,INR
500,1001,N5313T,BALABHAI NANAVATI HOSPITAL,AAATD0094K,IN,JI,J3,,0001,1AC0325SIX,100,2025-04-01,2026-03-31,AL,7000000,INR
500,1001,MS0015,SURANA  HOSPITAL & RESEARCH,AAATS1061R,IN,JI,J3,,0001,1AF0525OHX,100,2025-05-23,2026-03-31,AL,1000000,INR
500,1001,MS031,S L RAHEJA HOSPITAL,AAATD1338G,IN,JP,J3,,0001,1AE0425NED,100,2025-04-16,2026-03-31,AL,10000000,INR
500,1001,MS031,S L RAHEJA HOSPITAL,AAATD1338G,IN,JI,J3,,0001,1AE0425NED,100,2025-04-16,2026-03-31,AL,10000000,INR
500,1001,N100,NETWORK18 MEDIA & INVESTMENT LTD.,AABCS2472G,IN,CI,C1,,0001,1AF0423KEU,95,2023-04-27,2024-03-31,AL,1662789,INR
500,1001,N00382,NETWORK 18 MEDIA AND INVESTMENT LTD,AABCS2472G,IN,CI,C1,,0001,1AE0422TOE,97.5,2022-04-29,2023-03-31,AL,4568182,INR
500,1001,MSBTIPL01,TAJONLINE INDIA PVT LTD,AABCT5643A,IN,HI,H1,,0001,1AF0524HKI,50,2024-05-16,2025-03-31,AL,100000000,INR
500,1001,MSBTIPL01,TAJONLINE INDIA PVT LTD,AABCT5643A,IN,JI,J1,,0001,1AF0524HKJ,80,2024-05-16,2025-03-31,AL,7000000,INR
500,1001,MT0003,TUV INDIA PVT.LTD.,AAACT2209D,IN,JI,J1,,0001,1AD0422JYA,50,2022-04-26,2023-03-31,AL,3000000,INR
500,1001,MSPL15,MAGNAMIOUS SYSTEMS PVT LTD,AABCM3570D,IN,JI,J1,,0001,1AG0623WIU,50,2023-06-21,2024-03-31,AL,10000000,INR
500,1001,N1023,Nmah & Co,AAKFN0438R,IN,JI,J3,,0001,1AA0623MGD,35,2023-06-01,2024-03-31,AL,200000,INR
500,1001,MSBTVSMH01,TVS SUPPLY CHAIN SOLUTIONS LIMITED,AACCT1412E,IN,CI,C1,,0001,1AG0525CFZ,77.5,2025-05-27,2026-03-31,AL,604520262,INR
500,1001,MSBDTSS01,DUSTERS TOTAL SOLUTIONS SERVICES PV,AACCD5989Q,IN,CI,C1,,0001,1AA0823FYS,62.5,2023-08-02,2024-03-31,AL,14098064,INR
500,1001,MW0001A,WOCKHARDT HOSPITALS,AAACW3342G,IN,JI,J1,,0001,1AD0722PEJ,80,2022-07-29,2023-03-31,AL,27170155,INR
500,1001,NSPLKR15,NIVEUS SOLUTIONS PVT LTD,AAECN3100F,IN,JI,J1,,0001,1AA0824CSK,50,2024-08-02,2025-03-31,AL,2399250000,INR
500,1001,P00044,P.D.HINDUJA NATIONAL HOSPITAL,AAATN0093Q,IN,JI,J3,,0001,1AD0522DSJ,100,2022-05-13,2023-03-31,AL,15230768,INR
500,1001,P013,P. D. HINDUJA NATIONAL HOSPITAL &,AAATN0093Q,IN,JI,J3,,0001,1AD0522DSJ,100,2022-05-13,2023-03-31,AL,15230768,INR
500,1001,P0117,PIMPRI CHINCHWAD MATHADI AND,AAAAP4829M,IN,CI,C4,,0001,1AC0625JBB,100,2025-06-11,2026-03-31,AL,18892800,INR
500,1001,NSPL001,NOBLE SHIPPING PVT,AABCN3498H,IN,CI,C1,,0001,1AC0426RZI,67.5,2026-04-15,2027-03-31,AL,5200000,INR
500,1001,OLS254995B,OM LOGISTICS SUPPLY CHAIN PRIVATE L,AAECO4660K,IN,CI,C1,,0001,1AG0426GGL,67.5,2026-04-29,2027-03-31,AL,25569000,INR
500,1001,P00612,PLATINUM COMMUNICATIONS,AAECP2215R,IN,CI,C1,,0001,1AF0621XIW,15,2021-06-30,2022-03-31,AL,7000000,INR
500,1001,NSTCISC012,TCI Supply chain solutions,AAACT7966R,IN,CI,C1,,0001,1AA0426SYZ,65,2026-04-02,2027-03-31,AL,9390000,INR
500,1081,NSTCISC012,TCI Supply chain solutions,AAACT7966R,IN,CI,C1,,0001,1AA0426SZQ,65,2026-04-02,2027-03-31,AL,69190000,INR
500,1001,NH0024,DR. NAMJOSHI HOSPITAL PVT,AABCD7562L,IN,JI,J1,,0001,1AD0724JQK,65,2024-07-23,2025-03-31,AL,5000000,INR
500,1001,P5670,P.D.HINDUJA  NATL HOSP.& MED RE CEN,AAATN0093Q,IN,JI,J3,,0001,1AA0725NKB,100,2025-07-04,2026-03-31,AN,15000000,INR
500,1001,P00138,PRICEWATERHOUSE COOPERS PVT,AABCP9181H,IN,JI,J1,,0001,1AE0623ROO,90,2023-06-16,2024-03-31,AL,400000,INR
500,1001,P5078HYD,PEREGRINE GUARDING PVT LTD.,AADCP2498P,IN,CI,C1,,0001,1AJ0523NLJ,75,2023-05-25,2024-03-31,AL,4351953,INR
500,1001,NHES01,NATIONAL HEALTH AND EDUCATION SOCIE,AAATN0093Q,IN,JI,J3,,0001,1AA0725NKB,100,2025-07-04,2026-03-31,AL,15000000,INR
500,1001,NSXLRI0121,XAVIER LABOUR RELATIONS INSTITUTE,AAATI0475M,IN,JI,J3,,0001,1AB0723LNA,100,2023-07-13,2024-03-31,AL,5000000,INR
500,1001,NSSBSP0123,SAVVY BUSINESS SOLUTIONS PRIVATE LI,AAOCS8108A,IN,JI,J1,,0001,1AC0725OGN,50,2025-07-24,2026-03-31,AL,2000000,INR
500,1001,NSFSP0123,FIRMWAY SERVICES PRIVATE,AACCF8827B,IN,JI,J1,,0001,1AA0724TXG,90,2024-07-05,2025-03-31,AL,1000000,INR
500,1001,NMIL15,Network18 Media & Investments Ltd.,AABCS2472G,IN,CI,C1,,0001,1AF0423KEU,95,2023-04-27,2024-03-31,AL,1662789,INR
500,1079,NMIL15,Network18 Media & Investments Ltd.,AABCS2472G,IN,CI,C1,,0001,4AB0426YFU4A241,92.5,2026-04-09,2027-03-31,AL,10000000,
500,1001,NSMADE0121,MAHINDRA ADVANCED DESIGN EUROPE,AAGCM9780N,GB,JI,J1,,0001,1AE0624HGD,75,2024-06-21,2025-03-31,AL,414954040,INR
500,1001,NSKMP0121,Kinnect Media Private Limited,ABACS0806Q,IN,JI,J1,,0001,1AD0623LME,45,2023-06-09,2024-03-31,AL,5000000,INR
500,1081,NSKMP0121,Kinnect Media Private Limited,ABACS0806Q,IN,JP,J1,,0001,1NA0526XPB,45,2026-05-21,2027-03-31,AL,20000000,INR
500,1081,NSKMP0121,Kinnect Media Private Limited,ABACS0806Q,IN,JI,J1,,0001,1NA0526XPB,45,2026-05-21,2027-03-31,AL,20000000,INR
500,1001,P080041,PAYU PAYMENTS PRIVATE LIMITED,AAJCS9091D,IN,CI,C1,,0001,1AA0425XOM,97.5,2025-04-02,2026-03-31,AL,600000,INR
500,1079,P080041,PAYU PAYMENTS PRIVATE LIMITED,AAJCS9091D,IN,CI,C1,,0001,1AA0526XYE,96.5,2026-05-08,2027-03-31,AL,200000,
500,1079,NSHAL0124,HIREGANGE & ASSOCIATES LLP,AACFH8197H,IN,JI,J3,,0001,4NA0626AIZ4A854,40,2026-06-29,2027-03-31,AL,194700,INR
500,1001,OEPL1501,OML ENTERTAINMENT PVT LTD,AABCO1501G,IN,JI,J1,,0001,1AA0924JQO,60,2024-09-09,2025-03-31,AL,10000000,INR
500,1001,NST002,TeamLease Services Pvt. Ltd.,AABCT5458K,IN,CI,C1,,0001,1AC0425DOH,85,2025-04-07,2026-03-31,AL,379378957,INR
500,1081,NST002,TeamLease Services Pvt. Ltd.,AABCT5458K,IN,CI,C1,,0001,1AB0326MIN,95,2026-04-01,2027-03-31,AL,7850918,INR
500,1001,DCK00212AA,KRIOS INFO SOLUTIONS PRIV,AAFCT7273G,IN,JI,J1,,0001,1NC0726CFF,75,2026-07-14,2027-03-31,AL,180000000,INR
500,1001,DCL00067AA,LEPTON SOFTWARE EXPORT &,AAACL6778R,IN,JI,J1,,0001,1AA0725JNI,55,2025-07-02,2026-03-31,AL,34454861,INR
500,1001,DCT00570AA,THINKINNOV SOLUTION,AAFCT3855N,IN,JI,J1,,0001,1NA0926SVB,50,2026-09-10,2027-03-31,AL,25099759,INR
500,1081,DCS00642AA,STRATEGIC LEARNING SOLUTI,AADCS9706K,IN,JI,J1,,0001,1AD0426CLG,84,2026-04-15,2027-03-31,AL,17000000,INR
500,1001,DCS00642AA,STRATEGIC LEARNING SOLUTI,AADCS9706K,IN,JI,J1,,0001,1AD0426CLH,84,2026-04-15,2027-03-31,AL,70000000,INR
500,1001,DCT00472AA,THE AUTOMOTIVE RESEARCH,AAATT1989P,IN,JI,J3,,0001,1AD0526CUH,100,2026-05-19,2027-03-31,AL,350000000,INR
500,1079,DCT00472AA,THE AUTOMOTIVE RESEARCH,AAATT1989P,IN,JI,J3,,0001,1AD0526CVD,100,2026-05-19,2027-03-31,AL,110000000,INR
500,1001,D0185,DTDC EXPRESS LTD,AAACD8017H,IN,CI,C1,,0001,1AF0525EER,37.5,2025-05-22,2026-03-31,AL,47000000,INR
500,1001,DDD00371AA,DASSAULT SYSTEMES INDIA,AACCD7672A,IN,JI,J1,,0001,1NC0726NSM,87,2026-07-17,2027-03-31,AL,914462070,INR
500,1081,DDD00371AA,DASSAULT SYSTEMES INDIA,AACCD7672A,IN,JI,J1,,0001,1NC0726NTN,87,2026-07-17,2027-03-31,AL,96739212,INR
500,1079,DCH00180AA,HANSA CUSTOMER EQUITY,AADCC3122F,IN,JI,J1,,0001,1AA0726HLS,76.5,2026-07-07,2027-03-31,AL,63960000,INR
500,1081,DCH00180AA,HANSA CUSTOMER EQUITY,AADCC3122F,IN,JI,J1,,0001,1AA0726HLT,76.5,2026-07-07,2027-03-31,AL,50000000,INR
500,1081,DCH00180AA,HANSA CUSTOMER EQUITY,AADCC3122F,IN,JP,J1,,0001,1AA0726HLT,76.5,2026-07-07,2027-03-31,AL,50000000,INR
500,1001,DCV00395AA,M/S VSERV INFOSYSTEMS PRIVATE,AAFCV6101M,IN,LI,L1,,0001,1NB0926BOK,50,2026-09-21,2027-03-31,AL,915756,INR
500,1001,DDX00023AB,Xtelify Limited,AABCW6047M,IN,CI,C1,,0001,1AD0526NGT,75,2026-05-21,2027-03-31,AL,127053547,INR
500,1001,DDT00472AB,The Automotive Research Association,AAATT1989P,IN,JP,J3,,0001,1AD0526CUH,100,2026-05-19,2027-03-31,AL,350000000,INR
500,1081,DDT00472AB,The Automotive Research Association,AAATT1989P,IN,JI,J3,,0001,1AD0526CVA,100,2026-05-19,2027-03-31,AL,110000000,INR
500,1079,D1234,Dassault Systemes India Pvt Ltd,AACCD7672A,IN,JI,J1,,0001,1AC0625EYK,56,2025-06-11,2026-03-31,AL,101918936,INR
500,1001,D1234,Dassault Systemes India Pvt Ltd,AACCD7672A,IN,JI,J1,,0001,1NC0726NSM,87,2026-07-17,2027-03-31,AL,914462070,INR
500,1001,D1234,Dassault Systemes India Pvt Ltd,AACCD7672A,IN,JP,J1,,0001,1NC0726NSM,87,2026-07-17,2027-03-31,AL,914462070,INR
500,1081,D1234,Dassault Systemes India Pvt Ltd,AACCD7672A,IN,JI,J1,,0001,1NC0726NTN,87,2026-07-17,2027-03-31,AL,96739212,INR
500,1001,SMGDX0122,GDX FACILITY AND MANAGEMENT SERVICE,AACCG5199H,IN,CI,C1,,0001,1AE0525JNK,95,2025-05-20,2026-03-31,AL,23396701,INR
500,1001,SMDMCFS224,DMC FINISHING SCHOOL PRIVATE,AAKCD4723A,IN,CI,C1,,0001,1AD0526EYR,25,2026-05-19,2027-03-31,AL,953528000,INR
500,1001,SMTDS124,TDS PLACEMENTS AND SERVICES PRIVATE,AACCT7089F,IN,CI,C1,,0001,1AA0725KSR,75,2025-07-03,2026-03-31,AL,37500000,INR
500,1001,SMS24,SMS INTEGRATED FACILITY SERVICES PR,AAFCS4166H,IN,CI,C1,,0001,1AC0422PJA,65,2022-04-23,2023-03-31,AL,502064,INR
500,1001,SOTC001,SOTC TRAVEL LTD.,AAGCS6725D,IN,CI,C1,,0001,1AA1223PST,75,2023-12-20,2024-03-31,AL,100000000,INR
500,1001,SOFTE105CH,SODEXO INDIA SERVICES PRIVATE LIMIT,AAACR2547Q,IN,CI,C1,,0001,1AB0523OHJ,47.5,2023-05-10,2024-03-31,AL,18180580,INR
500,1001,SMTLEF0121,TEAMLEASE EDUCATION FOUNDATION,AADCT8958N,IN,CI,C1,,0001,1AE0625OEU,75,2025-06-24,2026-03-31,AL,31377000,INR
500,1001,SMDTS0222,DUSTERS TOTAL SOLUTIONS SERVICES PR,AACCD5989Q,IN,CI,C1,,0001,1AA0823FYS,62.5,2023-08-02,2024-03-31,AL,14098064,INR
500,1001,SOBIS0125,BOMBAY INTEGRATED SECURITY INDIA,AABCB5803G,IN,CI,C1,,0001,1AA0924ZGQ,5,2024-09-24,2025-03-31,AL,8335661,INR
500,1001,SMHQIP0122,HealthQuarters India Private Limite,AACCH2341C,IN,JI,J1,,0001,1NA0626THP,90,2026-06-12,2027-03-31,AL,2231986,INR
500,1081,SMHQIP0122,HealthQuarters India Private Limite,AACCH2341C,IN,JI,J1,,0001,1NA0626THQ,90,2026-06-12,2027-03-31,AL,2183531,INR
500,1001,SOSVC10CH,SODEXO SVC INDIA PRIVATE,AALCS9822Q,IN,CI,C1,,0001,1AC0426YUV,87.5,2026-04-15,2027-03-31,AL,20895111,INR
500,1001,SOSVC10CH,SODEXO SVC INDIA PRIVATE,AALCS9822Q,IN,CP,C1,,0001,1AC0426YUV,87.5,2026-04-15,2027-03-31,AL,20895111,INR
500,1001,N00415,NOVO,AAECN5211B,IN,JI,J1,,0001,1AA1023BST,30,2023-10-05,2024-03-31,AL,60000000,INR
500,1001,MSBDPL03,DELHIVERY PRIVATE LIMITED,AAPCS9575E,IN,CI,C1,,0001,1AD0623KIT,95,2023-06-09,2024-03-31,AL,1058100000,INR
500,1001,MSBFMISC01,FM INDIA SUPPLY CHAIN PRIVATE LIMIT,AACCF6938K,IN,CI,C1,,0001,1AG0525DYV,95,2025-05-27,2026-03-31,AL,33877535,INR
500,1001,MSBDL01,DELHIVERY LIMITED,AAPCS9575E,IN,CI,C1,,0001,1AA0125VBY,95,2025-01-22,2025-03-31,AL,334906000,INR
500,1001,MF0048,FLYJAC LOGISTICS PRIVATE LTD,AABCF2133M,IN,CI,C1,,0001,1AD0625EMD,5,2025-06-17,2026-03-31,AL,128789198,INR
500,1001,MFVAHL01,APOLLO HEALTH & LIFESTYLE LTD,AADCA0733E,IN,JI,J1,,0001,1AG0523IOD,99,2023-05-19,2024-03-31,AL,10279707,INR
500,1001,MES00707,THE INDIAN PERFORMING RIGHT SOCIETY,AAACT1594K,IN,JI,J1,,0001,1AA0725OAW,70,2025-07-04,2026-03-31,AL,4300000,INR
500,1079,MES00707,THE INDIAN PERFORMING RIGHT SOCIETY,AAACT1594K,IN,JI,J1,,0001,4AA0526QJR4A242,70,2026-05-06,2027-03-31,AL,2900000,INR
500,1001,MERAKI27,MERAKI COMMUNICATIONS PVT.LTD.,AAICM0807G,IN,JI,J1,,0001,1AB0722QPH,45,2022-07-20,2023-03-31,AL,5000000,INR
500,1001,MD0080,DESIGNTECH SYSTEMS LTD,AABCD2335F,IN,JI,J1,,0001,1AJ0524LDD,80,2024-05-29,2025-03-31,AL,55826483,INR
500,1001,MES00816,IDIADA AUTOMOTIVE TECHNOLOGY SA,AABCI5985Q,ES,JI,J1,,0001,1AC0625ULT,47,2025-06-13,2026-03-31,AL,22500000,INR
500,1001,MC02445B,McKinsey & Company India LLP,AAXFM1434F,IN,JP,J1,,0001,1NC0726MCH,62.7,2026-07-17,2027-03-31,AL,1708633372,INR
500,1001,MC02445B,McKinsey & Company India LLP,AAXFM1434F,IN,JI,J1,,0001,1NC0726MCH,62.7,2026-07-17,2027-03-31,AL,1708633372,INR
500,1001,MDPLMH15,MIRUM DIGITAL PVT LTD,AANCS0273K,IN,JI,J1,,0001,1AF0425DDS,58,2025-04-17,2026-03-31,AL,3500000,INR
500,1001,MHA0123301,DTDC COURIER & CARGO LTD,AAACD8017H,IN,CI,C1,,0001,1AF0525EER,37.5,2025-05-22,2026-03-31,AL,47000000,INR
500,1001,MES00954,KLAUS IT SOLUTIONS PVT,AAFCK0764K,IN,JI,J1,,0001,1AA0425WWR,94,2025-04-02,2026-03-31,AL,6000000,INR
500,1001,MDT018,TUV INDIA PVT. LTD,AAACT2209D,IN,JI,J1,,0001,1AD0422JYA,50,2022-04-26,2023-03-31,AL,3000000,
500,1001,B00661,BAIN AND COMPANY INDIA PRIVATE LIMI,AACCB8671R,IN,JI,J1,,0001,1AD0724VBK,65,2024-07-26,2025-03-31,AL,100000000,INR
500,1001,AYREW105CH,Ayana Renewable Power Private Limit,AAPCA2514F,IN,LI,L1,,0001,1NA0526NBS,90,2026-05-15,2027-03-31,AL,4000000,INR
500,1001,BHOP0DTDC,DTDC EXPRESS LIMITED,AAACD8017H,IN,CI,C1,,0001,1AF0525EER,37.5,2025-05-22,2026-03-31,AL,47000000,
500,1001,B5609,BUREAU VERITAS (INDIA) PVT. LTD.,AABCB6767B,IN,JI,J1,,0001,1AA1122FTT,40,2022-11-10,2023-03-31,AL,2400000,INR
500,1001,B0685,OERLIKON BALZERS COATING INDIA LTD,AAACI3916N,IN,CI,C1,,0001,1AB0621WZW,100,2021-06-09,2022-03-31,AL,7830000,INR
500,1001,B5419,THE BHATIA GENERAL HOSPITAL,AAATT3440K,IN,JI,J3,,0001,1AI0524LNF,100,2024-05-27,2025-03-31,AL,5554500,INR
500,1001,AS1803,APOLLO SPECIALITY HOSPITALS PVT LTD,AADCN1803G,IN,JI,J1,,0001,1AE0423YHA,99,2023-04-25,2024-03-31,AL,704480,INR
500,1001,BC100WEB,BC WEB WISE PVT LTD,AABCB9495J,IN,JI,J1,,0001,7500000,95,2025-06-18,2026-03-31,AL,7500000,INR
500,1001,B00233,BHARTI  AIRTEL,AAACB2894G,IN,CI,C1,,0001,1AC0325HPR,90,2025-04-01,2026-03-31,AL,681819,INR
500,1001,ASH1010,APOLLO SPECIALTY HOSPITALS,AADCN1803G,IN,JI,J1,,0001,1AE0423YHA,99,2023-04-25,2024-03-31,AL,704480,INR
500,1001,APLLH105CH,APPOLO SPECIALITY HOSPITALS PVT LTD,AADCN1803G,IN,JI,J1,,0001,1AE0423YHA,99,2023-04-25,2024-03-31,AL,704480,INR
500,1001,BAL020,BHARTI AIRTEL LTD,AAACB2894G,IN,CI,C1,,0001,1AB0421MRM,45,2021-04-22,2022-03-31,AL,1000000,
500,1081,BAL041,BHARTI AIRTEL LTD,AAACB2894G,IN,JP,J1,,0001,1AB0325RLQ,98,2025-04-01,2026-03-31,AL,10734313,INR
500,1001,DCD00203AA,DMC FINISHING SCHOOL PRIVATE,AAKCD4723A,IN,CI,C1,,0001,1AD0526EYR,25,2026-05-19,2027-03-31,AL,953528000,INR
500,1081,DCM00398AB,MAHINDRA LOGISTICS LIMITED,AAFCM2530H,IN,CI,C1,,0001,1AD0426EMP,60,2026-04-16,2027-03-31,AL,3423983036,INR
500,1001,I0016H,"INDIAN INSTITUTE OF MANAGEMENT,",AAATI1247F,IN,JI,J3,,0001,1AB0325DVQ,100,2025-04-01,2026-03-31,AL,4000000,INR
500,1001,I8010,IPSOS INDICA RESEARCH PVT. LTD,AABCI3609K,IN,JI,J1,,0001,1AI0522MYC,50,2022-05-30,2023-03-31,AL,28226825,INR
500,1001,IATPL105CH,IDIADA AUTOMOTIVE TECHNOL,AABCI8147E,IN,JI,J1,,0001,1AC0625ULT,47,2025-06-13,2026-03-31,AL,22500000,INR
500,1001,I00365,INTERACTIVE AVENUES PVT. LTD.,AACCI0954J,IN,CI,C1,,0001,1ND0726ETP,25,2026-07-24,2027-03-31,AL,1476824000,INR
500,1079,I00365,INTERACTIVE AVENUES PVT. LTD.,AACCI0954J,IN,CI,C1,,0001,1ND0726EUX,25,2026-07-24,2027-03-31,AL,31189000,INR
500,1001,I00365,INTERACTIVE AVENUES PVT. LTD.,AACCI0954J,IN,JI,J1,,0001,1ND0726EYS,70,2026-07-24,2027-03-31,AL,58622000,INR
500,1079,I00365,INTERACTIVE AVENUES PVT. LTD.,AACCI0954J,IN,JI,J1,,0001,1ND0726EZO,70,2026-07-24,2027-03-31,AL,7200000,INR
500,1001,I6824,INTERGLOBE HOTELS PVT LTD,AABCI2732H,IN,II,I1,,0001,1AA0524HQI,99,2024-04-30,2025-03-31,AL,5610000,INR
500,1001,I00400,ISS SDB SECURITY SERVICES,AAACT3628C,IN,CI,C1,,0001,1AF0425HRQ,62.5,2025-04-17,2026-03-31,AL,1409298,INR
500,1001,IV0015,IVALUE INFOSOLUTIONS PVT LTD,AABCI8601B,IN,JI,J1,,0001,1NB0626AIL,90,2026-06-17,2027-03-31,AL,30000000,INR
500,1001,I01943B,IPSOS RESEARCH PVT .LTD,AABCI3609K,IN,JI,J1,,0001,1AG0425EGO,44,2025-04-23,2026-03-31,AL,3734000,INR
500,1001,ING502MN,GATI-KINTETSU EXPRESS PVT.,AADCG2096A,IN,CI,C1,,0001,1AG0525ISM,95,2025-05-29,2026-03-31,AL,100000000,INR
500,1001,I00403,IPSOS RESEARCH PVT. LTD.,AABCI3609K,IN,JP,J1,,0001,1AD0526TWI,35,2026-05-26,2027-03-31,AL,12400000,INR
500,1001,I00403,IPSOS RESEARCH PVT. LTD.,AABCI3609K,IN,JI,J1,,0001,1AD0526TWI,35,2026-05-26,2027-03-31,AL,12400000,INR
500,1001,I00438,INTERGLOBE HOTELS PVT,AABCI2732H,IN,CI,C1,,0001,1AA0524HJE,95,2024-04-30,2025-03-31,AL,2960000,INR
500,1001,I00438,INTERGLOBE HOTELS PVT,AABCI2732H,IN,II,I1,,0001,1AA0524HQI,99,2024-04-30,2025-03-31,AL,5610000,INR
500,1001,INP526MN,PARAMTECH CAD SERVICES PV,AAHCP6576C,IN,JI,J1,,0001,1AA0725LXI,82.5,2025-07-04,2026-03-31,AL,126362552,INR
500,1081,INP526MN,PARAMTECH CAD SERVICES PV,AAHCP6576C,IN,JI,J1,,0001,1NA0826DJW,84,2026-08-06,2027-03-31,AL,36241947,INR
500,1001,INO002,OERLIKON BALZERS COATING I P.,AAACI3916N,IN,CI,C1,,0001,1AB0621WZW,100,2021-06-09,2022-03-31,AL,7830000,INR
500,1081,BAL025,BHARTI AIRTEL LTD,AAACB2894G,IN,JP,J1,,0001,1AB0325RLQ,98,2025-04-01,2026-03-31,AL,10734313,INR
500,1001,L5206,LTC LOGISTICS (P) LTD,AABCL0678F,IN,CI,C1,,0001,1AE0525TJV,62.5,2025-05-22,2026-03-31,AL,20000000,INR
500,1001,LM002,LIVING MEDIA INDIA LTD.,AAACL0087H,IN,CP,C1,,0001,1AC0423ODJ,95,2023-04-18,2024-03-31,AL,24000000,INR
500,1001,LM002,LIVING MEDIA INDIA LTD.,AAACL0087H,IN,CI,C1,,0001,1AC0423ODJ,95,2023-04-18,2024-03-31,AL,24000000,INR
500,1079,LORDSME01,LORDS FREIGHT PRIVATE,AACCL0108M,IN,CI,C1,,0001,1NA0626AVI,25,2026-06-01,2027-03-31,AL,29456153,INR
500,1079,LM004,LIVING MEDIA INDIA LTD.,AAACL0087H,IN,CI,C1,,0001,1AD0326FEZ,50,2026-04-01,2027-03-31,AL,1200000,INR
500,1001,MA0149,ADITYA BIRLA MEMORIAL HOSPITAL,AADCA7613B,IN,JI,J1,,0001,1AF0622DPV,99,2022-06-28,2023-03-31,AL,24390000,INR
500,1001,MA0149,ADITYA BIRLA MEMORIAL HOSPITAL,AADCA7613B,IN,JP,J1,,0001,1AF0622DPV,99,2022-06-28,2023-03-31,AL,24390000,
500,1001,MAS9905PB,MAHINDRA INTEGRATED BUSINESS SOLUTI,AAGCM9780N,IN,JI,J1,,0001,1AC0723WYR,75,2023-07-31,2024-03-31,AL,3376612664,INR
500,1001,MAS9905AS,MAHINDRA INTEGRATED BUSINESS SOLUTI,AAGCM9780N,IN,JI,J1,,0001,1AC0723WYR,75,2023-07-31,2024-03-31,AL,3376612664,INR
500,1001,M01406A755,Maheshwari Logistics Ltd,AAECM8332N,IN,CI,C1,,0001,1NA0926KUM,50,2026-09-03,2027-03-31,AL,23754000,INR
500,1001,L010331,LANDMARK MOBILITY PRIVATE,AAFCL5390N,IN,CI,C1,,0001,4NA0526ALA4A030,90,2026-05-29,2027-03-31,AL,3087329,INR
500,1001,L010331,LANDMARK MOBILITY PRIVATE,AAFCL5390N,IN,HI,H1,,0001,4NA0526ALC4A003,90,2026-05-29,2027-03-31,AL,539716,INR
500,1001,L010331,LANDMARK MOBILITY PRIVATE,AAFCL5390N,IN,LI,L1,,0001,4NA0526ALG4A003,90,2026-05-29,2027-03-31,AL,6273324,INR
500,1001,L010331,LANDMARK MOBILITY PRIVATE,AAFCL5390N,IN,MI,M1,,0001,4NA0526ALH4A001,98,2026-05-29,2027-03-31,AL,6606594,INR
500,1001,L010951,LANDMARK MOBILITY PRIVATE,AAFCL5390N,IN,CI,C1,,0001,4NA0526ALA4A030,90,2026-05-29,2027-03-31,AL,3087329,INR
500,1001,L010951,LANDMARK MOBILITY PRIVATE,AAFCL5390N,IN,HI,H1,,0001,4NA0526ALC4A003,90,2026-05-29,2027-03-31,AL,539716,INR
500,1001,L010951,LANDMARK MOBILITY PRIVATE,AAFCL5390N,IN,LI,L1,,0001,4NA0526ALG4A003,90,2026-05-29,2027-03-31,AL,6273324,INR
500,1001,L010951,LANDMARK MOBILITY PRIVATE,AAFCL5390N,IN,MI,M1,,0001,4NA0526ALH4A001,98,2026-05-29,2027-03-31,AL,6606594,INR
500,1081,L01710B,LORDS FREIGHT INDIA PVT LTD,AACCL0108M,IN,CI,C1,,0001,1NA0626AVJ,25,2026-06-01,2027-03-31,AL,260298,INR
500,1001,KTA0184701,GATI-KINTETSU EXPRESS PVT LTD,AADCG2096A,IN,CI,C1,,0001,1AG0525ISM,95,2025-05-29,2026-03-31,AL,100000000,INR
500,1001,LORDS105CH,Lords Freight (India) Private Limit,AACCL0108M,IN,CP,C1,,0001,1AE0522FHM,25,2022-05-18,2023-03-31,AL,291091768,INR
500,1001,LORDS105CH,Lords Freight (India) Private Limit,AACCL0108M,IN,CI,C1,,0001,1AE0522FHM,25,2022-05-18,2023-03-31,AL,291091768,INR
500,1079,LORDS105CH,Lords Freight (India) Private Limit,AACCL0108M,IN,CI,C1,,0001,1NA0626AVI,25,2026-06-01,2027-03-31,AL,29456153,INR
500,1081,LORDS105CH,Lords Freight (India) Private Limit,AACCL0108M,IN,CI,C1,,0001,1NA0626AVJ,25,2026-06-01,2027-03-31,AL,260298,INR
500,1079,M01179B,MAHINDRA LOGISTICS LTD,AAFCM2530H,IN,CI,C1,,0001,1AD0426EMO,60,2026-04-16,2027-03-31,AL,1202274130,INR
500,1081,M01179B,MAHINDRA LOGISTICS LTD,AAFCM2530H,IN,CI,C1,,0001,1AD0426EMP,60,2026-04-16,2027-03-31,AL,3423983036,INR
500,1001,MAS9905TN,MAHINDRA INTEGRATED BUSINESS SOLUTI,AAGCM9780N,IN,JI,J1,,0001,1AC0723WYR,75,2023-07-31,2024-03-31,AL,3376612664,INR
500,1001,LS002,LEPTON SOFTWARE EXPORT AN,AAACL6778R,IN,JI,J1,,0001,1AA0725JNI,55,2025-07-02,2026-03-31,AL,34454861,INR
500,1001,L2112,LEPTON SOFTWARE EXPORT &,AAACL6778R,IN,JI,J1,,0001,1AA0725JNI,55,2025-07-02,2026-03-31,AL,34454861,INR
500,1001,MAXPUB06,MAX PUBLICITY  COMMUNICATION PVT.LT,AAHCM3403H,IN,CP,C1,,0001,1AB0521OAW,75,2021-05-07,2022-03-31,AL,20000000,INR
500,1001,MAXPUB06,MAX PUBLICITY  COMMUNICATION PVT.LT,AAHCM3403H,IN,CI,C1,,0001,1AB0521OAW,75,2021-05-07,2022-03-31,AL,20000000,INR
500,1001,M9037,MEHRAB MOTORS PVT. LTD.,AAECM2799M,IN,CI,C1,,0001,1NA0526JMH,62.5,2026-05-14,2027-03-31,AL,12000000,INR
500,1001,M8100,MEHRAB MOTORS PVT. LTD,AAECM2799M,IN,CI,C1,,0001,1NA0526JMH,62.5,2026-05-14,2027-03-31,AL,12000000,INR
500,1001,CESEFL226,SREI EQUIPMENT FINANCE LIMITED,AAKCS3431L,IN,II,I2,,0001,1AC0621BJU,50,2021-06-09,2022-03-31,AL,10404000,
500,1001,CESEFL226,SREI EQUIPMENT FINANCE LIMITED,AAKCS3431L,IN,HI,H1,,0001,1AC0621BND,80,2021-06-09,2022-03-31,AL,1450000,
500,1001,CESREI001,SREI EQUIPMENT FINANCE LIMITED,AAKCS3431L,IN,HI,H1,,0001,1AA0622BWF,70,2022-06-01,2023-03-31,AL,1450000,INR
500,1001,CLPL0637,BOMBAY INTEGRATED SECURITY (INDIA),AABCB5803G,IN,CI,C1,,0001,1AA0924ZGQ,5,2024-09-24,2025-03-31,AL,8335661,INR
500,1001,BMSPL001,BGPS MANAGEMENT SOLUTIONS,AAHCB5875A,IN,CI,C1,,0001,1AC0725CTZ,65,2025-07-18,2026-03-31,AL,3500000,INR
500,1001,CHMAT105CH,CHECKMATE SERVICES PVT. LTD.,AAACC8465A,IN,CI,C1,,0001,1AE0422OGW,75,2022-04-29,2023-03-31,AL,35765971,INR
500,1001,CLPL0614,APOLLO SUPPLY CHAIN PRIVATE LIMITED,AALCA0748D,IN,CI,C1,,0001,1AB0625RNU,75,2025-06-06,2026-03-31,AL,1300000,INR
500,1001,CSEIPVMH15,CRAYON SOFTWARE EXPERTS INDIA PVT L,AAFCC6808E,IN,JI,J1,,0001,1NA0926MEW,63.5,2026-09-04,2027-03-31,AL,117350000,INR
500,1079,CF0019,Flyjac Logistics Private Ltd,AABCF2133M,IN,CI,C1,,0001,1NF0726FMH,50,2026-07-30,2027-03-31,AL,4027553,INR
500,1081,CF0019,Flyjac Logistics Private Ltd,AABCF2133M,IN,CI,C1,,0001,1NF0726FMJ,50,2026-07-30,2027-03-31,AL,21867716,INR
500,1001,CMA113,AFL DACHSER PRIVATE LIMITED,AACCA7791D,IN,CP,C1,,0001,1AB0526LDF,12.5,2026-05-12,2027-03-31,AL,129544037,INR
500,1001,CMA113,AFL DACHSER PRIVATE LIMITED,AACCA7791D,IN,CI,C1,,0001,1AB0526LDF,12.5,2026-05-12,2027-03-31,AL,129544037,INR
500,1081,CS0085,STRATEGIC LEARNING SOLUTI,AADCS9706K,IN,JI,J1,,0001,1AD0426CLG,84,2026-04-15,2027-03-31,AL,17000000,INR
500,1001,CS0085,STRATEGIC LEARNING SOLUTI,AADCS9706K,IN,JI,J1,,0001,1AD0426CLH,84,2026-04-15,2027-03-31,AL,70000000,INR
500,1081,CLPL0563,NETCORE CLOUD PRIVATE LIMITED,AAACR2730D,IN,CI,C1,,0001,4NA0726AGE4A194,12.5,2026-07-15,2027-03-31,AL,100000,INR
500,1001,CHSHP105CH,CHETTINAD SUPER SPECIALITY HOSPITAL,AAATR3208F,IN,JI,J3,,0001,1AI0524TON,100,2024-05-28,2025-03-31,AL,1500000,INR
500,1001,FLYJT105CH,FLYJAC LOGISTICS PRIVATE LIMITED,AABCF2133M,IN,CI,C1,,0001,1AD0625EMD,5,2025-06-17,2026-03-31,AL,128789198,INR
500,1079,FLYJT105CH,FLYJAC LOGISTICS PRIVATE LIMITED,AABCF2133M,IN,CI,C1,,0001,1NF0726FMH,50,2026-07-30,2027-03-31,AL,4027553,INR
500,1081,FLYJT105CH,FLYJAC LOGISTICS PRIVATE LIMITED,AABCF2133M,IN,CI,C1,,0001,1NF0726FMJ,50,2026-07-30,2027-03-31,AL,21867716,INR
500,1001,FSP2102,PRICEWATERHOUSE COOPERS PVT LTD,AABCP9181H,IN,JI,J1,,0001,1AE0623ROO,90,2023-06-16,2024-03-31,AL,400000,INR
500,1001,FP0066,PEREGRINE GUARDING PVT. LTD.,AADCP2498P,IN,CI,C1,,0001,1AE0524DUH,85,2024-05-11,2025-03-31,AL,2979972,INR
500,1001,FSA2118I,APOLLO HEALTH AND LIFESTYLE,AADCA0733E,IN,JI,J1,,0001,1AG0523IOD,99,2023-05-19,2024-03-31,AL,10279707,INR
500,1001,FLIPL01,FREIGHT LINES INDIA PVT L,AAACF0535E,IN,CI,C1,,0001,1AB0521HKA,62.5,2021-05-06,2022-03-31,AL,47500000,INR
500,1001,FLIPL01,FREIGHT LINES INDIA PVT L,AAACF0535E,IN,CI,C1,,0009,1AB0521HKB,62.5,2021-05-06,2022-03-31,AL,7500000,INR
500,1001,G335,GLOBAL HOSPITAL & RESEARCH,AAATG0051H,IN,JI,J3,,0001,1AB0823CTM,100,2023-08-16,2024-03-31,AL,500000,INR
500,1001,G02380B,GATI KINTETSU EXPRESS PRIVATE LIMIT,AADCG2096A,IN,CI,C1,,0001,1AG0525ISM,95,2025-05-29,2026-03-31,AL,100000000,INR
500,1081,G02380B,GATI KINTETSU EXPRESS PRIVATE LIMIT,AADCG2096A,IN,CI,C1,,0001,1AG0525IUZ,95,2025-05-29,2026-03-31,AL,28600000,INR
500,1001,G0189,GI STAFFING,AADCG3694A,IN,CI,C1,,0001,1AB0425AHZ,87.5,2025-04-03,2026-03-31,AL,25063200,INR
500,1001,FLIPL02,FREIGHT LINES INDIA PVT L,AAACF0535E,IN,CI,C1,,0001,1AB0521HKA,62.5,2021-05-06,2022-03-31,AL,47500000,INR
500,1001,G6599,GI STAFFING SERVICES PVT,AADCG3694A,IN,CI,C1,,0001,1AB0326EZL,85,2026-04-01,2027-03-31,AL,7080000,INR
500,1001,G1ZN1495,BHARTI AIRTEL LIMITED,AAACB2894G,IN,CP,C1,,0001,1AC0325HPR,90,2025-04-01,2026-03-31,AL,681819,INR
500,1001,G1ZN1495,BHARTI AIRTEL LIMITED,AAACB2894G,IN,CI,C1,,0001,1AC0325HPR,90,2025-04-01,2026-03-31,AL,681819,INR
500,1001,FN0116,NASIK ENGINERRING CLUSTER,AACCN6264C,IN,JI,J1,,0001,1AC0624XOK,100,2024-06-12,2025-03-31,AL,150000,INR
500,1001,FS003,FREIGHT SYSTEMS (INDIA) PVT. LTD.,AAACF0677K,IN,CI,C1,,0001,1AD0526MBZ,50,2026-05-21,2027-03-31,AL,4100000,INR
500,1081,FS003,FREIGHT SYSTEMS (INDIA) PVT. LTD.,AAACF0677K,IN,CI,C1,,0001,1AD0526MCS,50,2026-05-21,2026-09-30,AL,800000,INR
500,1001,KD001,KOKILABEN DHIRUBHAI AMBANI HOSPITAL,AAATM4557G,IN,JI,J3,,0001,1AA0923DBA,100,2023-09-04,2024-03-31,AL,7192450,INR
500,1001,KDS400092,KNOC DOOR SERVICES PVT. LTD.,AAGCK2017C,IN,JI,J1,,0001,1AA0422VMU,95,2022-04-12,2023-03-31,AL,49000000,INR
500,1001,M165,MCKINSEY AND COMPANY  INC,AAACM8361R,IN,JI,J1,,0001,1AB0725LFF,62.7,2025-07-16,2026-03-31,AL,773545159,INR
500,1001,L0074,LEAP INDIA PVT. LTD.,AACCL5087B,IN,CI,C1,,0001,1AE0425SOG,80,2025-04-17,2026-03-31,AL,13342493,INR
500,1001,L0074,LEAP INDIA PVT. LTD.,AACCL5087B,IN,II,I2,,0001,1AE0425SYQ,80,2025-04-17,2026-03-31,AL,1354160,INR
500,1001,MAS1051,Mahindra First Choice Wheels Limite,AACCM0794N,IN,HI,H1,,0001,1AB0523XYA,90,2023-05-11,2024-03-31,AL,2224771,INR
500,1081,MAS1051,Mahindra First Choice Wheels Limite,AACCM0794N,IN,JI,J5,,0001,4AG0426FWU4A063,50,2026-04-29,2027-03-31,AL,4000000,INR
500,1079,MAS1022A,MAHINDRA LOGISTICS  LTD.,AAFCM2530H,IN,CI,C1,,0001,1AD0426EMO,60,2026-04-16,2027-03-31,AL,1202274130,INR
500,1081,MAS1022A,MAHINDRA LOGISTICS  LTD.,AAFCM2530H,IN,CI,C1,,0001,1AD0426EMP,60,2026-04-16,2027-03-31,AL,3423983036,INR
500,1001,MAS9905,Mahindra Integrated,AAGCM9780N,IN,JI,J1,,0001,1AD0725FHI,70,2025-07-31,2026-03-31,AL,1222281345,INR
500,1001,MAS9905,Mahindra Integrated,AAGCM9780N,IN,JP,J1,,0001,1AD0725FHI,70,2025-07-31,2026-03-31,AL,1222281345,INR
500,1079,MAS9905,Mahindra Integrated,AAGCM9780N,IN,JI,J1,,0001,1AD0725FHX,70,2025-07-31,2026-03-31,AL,2789382109,INR
500,1079,MA3494,MAHINDRA LOGISTICS LTD,AAFCM2530H,IN,CI,C1,,0001,1AD0426EMO,60,2026-04-16,2027-03-31,AL,1202274130,INR
500,1081,MA3494,MAHINDRA LOGISTICS LTD,AAFCM2530H,IN,CI,C1,,0001,1AD0426EMP,60,2026-04-16,2027-03-31,AL,3423983036,INR
500,1001,MAXPUB27,MAX PUBLICITY & COMMUNICATION PVT.L,AAHCM3403H,IN,CP,C1,,0001,1AB0521OAW,75,2021-05-07,2022-03-31,AL,20000000,INR
500,1001,MAXPUB27,MAX PUBLICITY & COMMUNICATION PVT.L,AAHCM3403H,IN,CI,C1,,0001,1AB0521OAW,75,2021-05-07,2022-03-31,AL,20000000,INR
500,1079,MAS1022,MAHINDRA LOGISTICS LTD,AAFCM2530H,IN,CI,C1,,0001,1AD0426EMO,60,2026-04-16,2027-03-31,AL,1202274130,INR
500,1081,MAS1022,MAHINDRA LOGISTICS LTD,AAFCM2530H,IN,CI,C1,,0001,1AD0426EMP,60,2026-04-16,2027-03-31,AL,3423983036,INR
500,1001,LORDS01,LORDS FREIGHT INDIA PRIVATE,AACCL0108M,IN,CI,C1,,0001,1AE0522FHM,25,2022-05-18,2023-03-31,AL,291091768,INR
500,1001,LORDS01,LORDS FREIGHT INDIA PRIVATE,AACCL0108M,IN,CP,C1,,0001,1AE0522FHM,25,2022-05-18,2023-03-31,AL,291091768,INR
500,1001,LORDS01,LORDS FREIGHT INDIA PRIVATE,AACCL0108M,IN,CP,C1,,0009,1AE0522FNP,25,2022-06-01,2023-03-31,AL,2352653,INR
500,1001,LORDS01,LORDS FREIGHT INDIA PRIVATE,AACCL0108M,IN,CI,C1,,0009,1AE0522FNP,25,2022-06-01,2023-03-31,AL,2352653,INR
500,1079,LORDS01,LORDS FREIGHT INDIA PRIVATE,AACCL0108M,IN,CI,C1,,0001,1NA0626AVI,25,2026-06-01,2027-03-31,AL,29456153,INR
500,1081,LORDS01,LORDS FREIGHT INDIA PRIVATE,AACCL0108M,IN,CI,C1,,0001,1NA0626AVJ,25,2026-06-01,2027-03-31,AL,260298,INR
500,1001,MAS1154,MLL EXPRESS SERVICES PRIVATE LIMITE,AACCV3947L,IN,CI,C1,,0001,1AA0525XIP,87.5,2025-05-05,2026-03-31,AL,1300000000,INR
500,1001,KRIOSINFO1,KRIOS INFO SOLUTIONS PVT.,AAFCT7273G,IN,JI,J1,,0001,1NC0726CFF,75,2026-07-14,2027-03-31,AL,180000000,INR
500,1001,M014061755,MAHESHWARI LOGISTICS LIMITED,AAECM8332N,IN,CI,C1,,0001,1NA0926KUM,50,2026-09-03,2027-03-31,AL,23754000,INR
500,1001,MLDL000644,BIRLA INSTITUTE OF TECHNOLOGY,AAATB2599R,IN,JI,J3,,0001,1AF0624FCH,100,2024-06-27,2025-03-31,AL,4885000,INR
500,1001,MKTGG00378,GI STAFFING SERVICES PVT LTD,AADCG3694A,IN,CI,C1,,0001,1AB0425AHZ,87.5,2025-04-03,2026-03-31,AL,25063200,INR
500,1001,MP022,PEOPLESTRONG HR,AADCP8140Q,IN,JI,J1,,0001,1AB0424EIV,95.5,2024-04-10,2025-03-31,AL,39834400,INR
500,1001,MKCIL001,McKinsey & Company India LLP,AAXFM1434F,IN,JI,J1,,0001,1NC0726MCH,62.7,2026-07-17,2027-03-31,AL,1708633372,INR
500,1001,MKCIL001,McKinsey & Company India LLP,AAXFM1434F,IN,JP,J1,,0001,1NC0726MCH,62.7,2026-07-17,2027-03-31,AL,1708633372,INR
500,1001,MLDL001731,NETWORK 18 MEDIA &,AABCS2472G,IN,CI,C1,,0001,1AE0422TOE,97.5,2022-04-29,2023-03-31,AL,4568182,INR
500,1001,MLDL003440,INTERGLOBE HOTELS PVT LTD,AABCI2732H,IN,CI,C1,,0001,1AA0524HJE,95,2024-04-30,2025-03-31,AL,2960000,INR
500,1001,MLDL003440,INTERGLOBE HOTELS PVT LTD,AABCI2732H,IN,II,I1,,0001,1AA0524HQI,99,2024-04-30,2025-03-31,AL,5610000,INR
500,1001,MLDL000448,THE TATA POWER CO,AAACT0054A,IN,LI,L1,,0001,1NA0626NIV,50,2026-06-09,2027-03-31,AL,358350000,INR
500,1001,MKTGS01367,SHOBIZ EXPERIENTIAL COMMU,AABCS4372D,IN,JI,J5,,0001,1AB0822BGE,75,2022-08-12,2023-03-31,AL,7500000,
500,1001,MKTGG343,GENIUS CONSULTANTS,AABCG1661M,IN,CI,C1,,0001,1AB0325AXM,75,2025-04-01,2026-03-31,AL,60000000,INR
500,1001,MHAEP93,ENPARADIGM PERFORMANCE SO,AADCE9266A,IN,JI,J1,,0001,1AK0523APX,75,2023-05-29,2024-03-31,AL,2000000,INR
500,1001,MP0009,P D HINDUJA NATIONAL HOSPITAL,AAATN0093Q,IN,JI,J3,,0001,1AD0522DSJ,100,2022-05-13,2023-03-31,AL,15230768,INR
500,1001,MLDL000616,Velocis Systems Pvt. Ltd.,AABCS0858G,IN,JI,J5,,0001,1AF0524TKU,25,2024-05-17,2025-03-31,AL,1000000,INR
500,1001,MLDL006084,SHL (INDIA) PVT.,AADCS2982D,IN,JI,J1,,0001,1AE0425AUB,60,2025-04-15,2026-03-31,AL,6505488,INR
500,1001,MHA1820,ADECCO INDIA PVT LTD,AABCG3636Q,IN,JI,J1,,0001,1AC0521WVD,80,2021-05-15,2022-03-31,AL,17700000,INR
500,1001,MLDL007474,Jio Haptik Technologies Limited,AAGCR2800L,IN,JI,J1,,0001,1AE0425KZR,95,2025-04-16,2026-03-31,AL,3100000,INR
500,1001,MMT019,MERU MOBILITY TECH PRIVATE LIMITED,AACCV3807B,IN,CI,C1,,0001,1AA1022MZA,50,2022-10-13,2023-03-31,AL,35235875,INR
500,1001,MHWHL11,WOCKHARDT HOSPITALS LIMITED,AAACW3342G,IN,JI,J3,,0009,1AD0721Q85WA,70,2021-07-30,2022-03-31,AL,3665494,INR
500,1001,MHWHL11,WOCKHARDT HOSPITALS LIMITED,AAACW3342G,IN,JI,J1,,0001,1AD0722PEJ,80,2022-07-29,2023-03-31,AL,27170155,INR
500,1001,MHTEL51,TEAMLEASE EDUCATION FOUNDATION,AADCT8958N,IN,CI,C1,,0001,1AE0625OEU,75,2025-06-24,2026-03-31,AL,31377000,INR
500,1001,MLDL2712,JONES LANG LASALLE PROPERTY CONSULT,AAACL2089B,IN,JI,J1,,0001,1AJ0523FSI,65,2023-05-24,2024-03-31,AL,55882796,INR
500,1001,MHCCSPT36,COREINTEGRA CONSULTING SERVICES PRI,AADCC6736H,IN,JI,J1,,0001,1AB0425EVV,95,2025-04-03,2026-03-31,AL,12060000,INR
500,1001,MN0070,NASHIK ENGINEERING CLUSTE,AACCN6264C,IN,JI,J1,,0001,1AC0624XOK,100,2024-06-12,2025-03-31,AL,150000,INR
500,1001,H00441,HEURISTIX DIGITAL TECHNOL,AADCH7341B,IN,JI,J1,,0001,1AB0924FKX,100,2024-09-27,2025-03-31,AL,4151230,INR
500,1001,HN2921,SIR H N RELIANCE FOUNDATION HOSPITA,AANTS2921H,IN,JI,J3,,0001,1AF0423NDI,100,2023-04-27,2024-03-31,AL,2500000,INR
500,1001,HB008,DR BALABHAI NANAVATI,AAATD0094K,IN,JI,J3,,0001,1AC0325SIX,100,2025-04-01,2026-03-31,AL,7000000,INR
500,1081,H00161,HAYMARKET SAC PUBLISHING INDIA,AADCS9617D,IN,CI,C1,,0001,1AD0426XBP,75,2026-04-20,2027-03-31,AL,100000,INR
500,1001,HB014,Global Hospital & Research Center,AAATG0051H,IN,JI,J3,,0001,1AB0823CTM,100,2023-08-16,2024-03-31,AL,500000,INR
500,1001,H00218,HANSA RESEARCH GROUP PVT. LTD.,AAACH9516M,IN,JI,J1,,0001,1AD0526NXJ,60,2026-05-22,2027-03-31,AL,7000000,INR
500,1001,H00218,HANSA RESEARCH GROUP PVT. LTD.,AAACH9516M,IN,JP,J1,,0001,1AD0526NXJ,60,2026-05-22,2027-03-31,AL,7000000,INR
500,1001,H0016H,HATHWAY CABLE & DATACOM LTD.,AAACC6814B,IN,CI,C1,,0001,1AG0623XMV,67.5,2023-06-21,2024-03-31,AL,225000,INR
500,1001,H00252,HANSA CUSTOMER EQUITY PVT,AADCC3122F,IN,CI,C1,,0001,1AG0425FJP,2.5,2025-04-23,2026-03-31,AL,2000000,INR
500,1001,H00252,HANSA CUSTOMER EQUITY PVT,AADCC3122F,IN,JI,J1,,0001,1AG0425FJN,80.5,2025-04-24,2026-03-31,AL,394710000,INR
500,1079,H00252,HANSA CUSTOMER EQUITY PVT,AADCC3122F,IN,JI,J1,,0001,1AA0726HLS,76.5,2026-07-07,2027-03-31,AL,63960000,INR
500,1081,H00252,HANSA CUSTOMER EQUITY PVT,AADCC3122F,IN,JI,J1,,0001,1AA0726HLT,76.5,2026-07-07,2027-03-31,AL,50000000,INR
500,1081,H00252,HANSA CUSTOMER EQUITY PVT,AADCC3122F,IN,JP,J1,,0001,1AA0726HLT,76.5,2026-07-07,2027-03-31,AL,50000000,
500,1001,H142,HANSA CUSTOMER EQUITY PRI,AADCC3122F,IN,JI,J1,,0001,1AE0624FQV,60,2024-06-21,2025-03-31,AL,397296000,INR
500,1001,GPA0052,APEX HCG ONCOLOGY HOSPITALS LLP,AAXFA7465Q,IN,JI,J3,,0001,1AF0524HJR,90,2024-05-16,2025-03-31,AL,9330,INR
500,1001,GPH0009,HATHWAY DIGITAL PRIVATE LIMITED,AACCV5591N,IN,CI,C1,,0001,1AE0423NDK,87.5,2023-04-25,2024-03-31,AL,40693,INR
500,1001,HH003,HIRANANDANI HEALTHCARE PVT LTD,AABCH5894D,IN,JI,J1,,0001,1AE0624ZIC,70,2024-06-26,2025-03-31,AL,300000,INR
500,1001,HJ003,M/s Jupiter Lifeline Hospitals Ltd,AABCJ1982E,IN,JI,J1,,0001,1AA1023JRN,35,2023-10-11,2024-03-31,AL,2239804,INR
500,1001,GPSAP1118,G S P POWER SYSTEMS PRIVATE LIMITED,AACCG0581H,IN,CI,C1,,0009,1AA0822UVI,55,2022-08-18,2023-03-31,AL,5000000,INR
500,1001,X0143B,XITADEL CAE TECHNOLOGIES INDIA PVT,AAACX1274C,IN,JI,J1,,0001,1AE0525EIF,70,2025-05-20,2026-03-31,AL,4402000,INR
500,1001,WBA0319201,JONES LANG LASALLE PROPERTY CONSULT,AAACL2089B,IN,JI,J1,,0001,1AJ0523FSI,65,2023-05-24,2024-03-31,AL,55882796,INR
500,1001,W00049,WYSETEK SYSTEMS TECHNOLOGISTS,AAACW0891L,IN,JI,J1,,0001,1AH0425IUZ,67.5,2025-04-29,2026-03-31,AL,3508148,INR
500,1001,WKHS07,WOCKHARDT HOSPITALS LIMITED,AAACW3342G,IN,JI,J1,,0001,1AC0725QWG,87.5,2025-07-24,2026-03-31,AL,3234491,INR
500,1001,WAGONS27,WAGONS LEARNING PRIVATE L,AABCW4538P,IN,JI,J1,,0001,1AA0525MLU,62,2025-05-02,2026-03-31,AL,500000,INR
500,1001,CA1080,The Automotive Research Association,AAATT1989P,IN,JI,J3,,0001,1AD0526CUH,100,2026-05-19,2027-03-31,AL,350000000,INR
500,1001,CA1080,The Automotive Research Association,AAATT1989P,IN,JP,J3,,0001,1AD0526CUH,100,2026-05-19,2027-03-31,AL,350000000,INR
500,1081,CA1080,The Automotive Research Association,AAATT1989P,IN,JI,J3,,0001,1AD0526CVA,100,2026-05-19,2027-03-31,AL,110000000,INR
500,1079,CLPL0079,PAYU PAYMENTS PRIVATE LIMITED,AAJCS9091D,IN,JI,J1,,0001,1AA0526XJK,98.9,2026-05-08,2027-03-31,AL,2000000,
500,1079,BJ011311,Jubilant Motorworks Pvt Ltd,AACCJ1534B,IN,CI,C1,,0001,1NE0726VFO,75,2026-07-28,2027-03-31,AL,2995974,INR
500,1001,CDKD001,CENTRE FOR DIGESTIVE AND,AACCC5117H,IN,JI,J1,,0001,1AC0725KZO,90,2025-07-23,2026-03-31,AL,2000000,INR
500,1001,CHHR139,HYATT REGENCY CHENNAI,AADCR5418B,IN,CI,C1,,0001,1AC0323MUQ,100,2023-04-01,2024-03-31,AL,1100000,INR
500,1079,BJ011261,Jubilant MotorWorks Private Limited,AACCJ1534B,IN,CI,C1,,0001,1NE0726VFO,75,2026-07-28,2027-03-31,AL,2995974,INR
500,1001,CS296,SIFY TECHNOLOGIES LTD,AAACS9032R,IN,JI,J1,,0001,1AD0625HQY,90,2025-06-17,2026-03-31,AL,3189842,INR
500,1001,C5382,CARDINAL GRACIAS MEMORIAL HOSPITAL,AAAAC0484B,IN,JI,J1,,0009,1AA0619TNE,100,2019-09-10,2020-03-31,AN,600000,INR
500,1001,C5382,CARDINAL GRACIAS MEMORIAL HOSPITAL,AAAAC0484B,IN,JI,J1,,0009,1AB0621CRV,100,2021-06-04,2022-03-31,AN,600000,
500,1001,C00430,CENTUM LEARNING,AADCB3842R,IN,CI,C1,,0001,1AA1223AET,67.5,2023-11-30,2024-03-31,AL,1900000,INR
500,1001,CCPL27,CARTESIAN CONSULTING PRIVATE LIMITE,AADCC5436A,IN,JI,J1,,0009,1AB0621JUF,75,2021-06-07,2022-03-31,AL,5000000,INR
500,1001,VIV196A,VODAFONE IDEA LTD,AAACB2100P,IN,CI,C1,,0001,1AE0425XCA,87.5,2025-04-17,2026-03-31,AL,467804953,INR
500,1001,VIV196A,VODAFONE IDEA LTD,AAACB2100P,IN,II,I2,,0001,1AE0425XCB,87.5,2025-04-17,2026-03-31,AL,377450446,INR
500,1001,UL001,UNIWORLD LOGISTICS PVT,AAACU5187H,IN,CI,C1,,0001,1AG0525GXZ,95,2025-05-28,2026-03-31,AL,4000000,INR
500,1001,VLP015,VYOM LABS PVT LTD,AABCV7581M,IN,JI,J1,,0001,1AC0821CTR,80.6,2021-08-11,2022-03-31,AL,17000000,INR
500,1001,UEPL1ZZ,UPGRAD EDUCATION PRIVATE L,AAECD4879M,IN,JI,J1,,0001,4AA0526NTJ4A008,80,2026-05-06,2027-03-31,AL,110000000,INR
500,1001,VIN00065,HERO MINDMINE INSTITUTE P LTD,AABCH8741B,IN,JI,J1,,0001,1NA0626TBA,75,2026-06-12,2027-03-31,AL,10000000,INR
500,1001,V123,TATA COMMUNICATIONS,AAACV2808C,IN,JI,J1,,0001,1AD0425UFH,40,2025-04-12,2026-03-31,AL,2570286,INR
500,1001,VFGVL23001,Mahindra First Choice Wheels Ltd,AACCM0794N,IN,II,I1,,0001,4AG0426FWT4A005,90,2026-04-29,2027-03-31,AL,192000000,INR
500,1001,GATIHYD01,GATI KINTETSU EXPRESS PVT. LTD.,AADCG2096A,IN,CI,C1,,0001,1AG0525ISM,95,2025-05-29,2026-03-31,AL,100000000,INR
500,1001,G00419,GIRNAR SOFTWARE PRIVATE LIMITED,AACCG7277J,IN,CI,C1,,0001,1AD0722GUP,75,2022-07-26,2023-03-31,AL,42725000,INR
500,1001,G00419,GIRNAR SOFTWARE PRIVATE LIMITED,AACCG7277J,IN,JI,J1,,0001,1AD0722HHT,95,2022-07-26,2023-03-31,AL,23149200,INR
500,1001,DSA63573,ADECCO INDIA PVT LTD,AABCG3636Q,IN,JI,J1,,0001,1AC0521WVD,80,2021-05-15,2022-03-31,AL,17700000,
500,1001,DSA63567,ADECCO INDIA PVT LTD,AABCG3636Q,IN,JI,J1,,0001,1AC0521WVD,80,2021-05-15,2022-03-31,AL,17700000,
500,1001,ENIL01_TG,Entertainment Network (India) Ltd,AAACE7796G,IN,CI,C1,,0001,1AE0621PSR,0.5,2021-06-22,2022-03-31,AL,43261047,INR
500,1001,EBU11857,STAUNCH BUSINESS SOLUTIONS,ADHFS4693M,IN,CI,C4,,0009,1AC0719CQX,40,2019-08-21,2020-03-31,AL,0,
500,1001,DPLMAHA01,Delhivery Private Limited,AAPCS9575E,IN,CI,C1,,0001,1AA0125VBY,95,2025-01-22,2025-03-31,AL,334906000,INR
500,1001,EBU35832,POLESTAR ENGG.CO.,AADFP6081H,IN,CI,C4,,0001,1AC0524XXI,70,2024-05-07,2025-03-31,AL,1400000000,INR
500,1001,DPLTEL01,Delhivery Private Limited,AAPCS9575E,IN,CI,C1,,0001,1AA0125VBY,95,2025-01-22,2025-03-31,AL,334906000,INR
500,1001,DTDC0002,DTDC EXPRESS LIMITED,AAACD8017H,IN,CI,C1,,0001,1AF0525EER,37.5,2025-05-22,2026-03-31,AL,47000000,INR
500,1001,DNH00156AA,HERO MINDMINE INSTITUTE,AABCH8741B,IN,JI,J1,,0001,1NA0626TBA,75,2026-06-12,2027-03-31,AL,10000000,INR
500,1001,DNB00691AA,BGPS MANAGEMENT SOLUTIONS,AAHCB5875A,IN,CI,C1,,0001,1AC0725CTZ,65,2025-07-18,2026-03-31,AL,3500000,INR
500,1081,DNF00332AA,FLEXING IT SERVICES PVT.,AACCF3852A,IN,JI,J1,,0001,1AA0426KMA,85,2026-04-01,2027-03-31,AL,3400000,INR
500,1001,DNM01309AA,MAHESHWARI LOGISTICS LIMITED,AAECM8332N,IN,CI,C1,,0001,1NA0926KUM,50,2026-09-03,2027-03-31,AL,23754000,INR
500,1001,DNE00207AA,Ernst & Young LLP,AAEFE1763C,IN,JI,J3,,0001,4NA0626AIE4C396,40,2026-06-25,2027-03-31,AL,300000000,INR
500,1001,DSA63569,ADECCO INDIA PVT LTD,AABCG3636Q,IN,JI,J1,,0001,1AC0521WVD,80,2021-05-15,2022-03-31,AL,17700000,
500,1081,F02287B,FLYJAC LOGISTICS PVT LTD,AABCF2133M,IN,CI,C1,,0001,1NF0726FMJ,50,2026-07-30,2027-03-31,AL,21867716,INR
500,1001,DSM64531,MCKINSEY & COMPANY INDIA LLP,AAXFM1434F,IN,JI,J1,,0001,1NC0726MCH,62.7,2026-07-17,2027-03-31,AL,1708633372,INR
500,1001,DPLKAR01,Delhivery Pvt. Ltd.,AAPCS9575E,IN,CI,C1,,0001,1AA0125VBY,95,2025-01-22,2025-03-31,AL,334906000,INR
500,1001,DNR00824AC,RETROFIT TECHNOLOGY PRIVATE,AAHCR1573K,IN,CI,C1,,0001,1AC0426LLA,82.5,2026-04-13,2027-03-31,AL,1100000000,INR
500,1001,DNT00161AA,TCI Supply Chain Solutions,AAACT7966R,IN,CI,C1,,0001,1AA0426SYZ,65,2026-04-02,2027-03-31,AL,9390000,INR
500,1001,DSA63568,ADECCO INDIA PVT LTD,AABCG3636Q,IN,JI,J1,,0001,1AC0521WVD,80,2021-05-15,2022-03-31,AL,17700000,
500,1001,DSF63519,FCM TRAVEL SOLUTIONS INDIA PVT LTD.,AAACF2674C,IN,CP,C1,,0001,1AD0625YCY,94.5,2025-06-20,2026-03-31,AL,181110593,INR
500,1001,DSF63519,FCM TRAVEL SOLUTIONS INDIA PVT LTD.,AAACF2674C,IN,CI,C1,,0001,1AD0625YCY,94.5,2025-06-20,2026-03-31,AL,181110593,INR
500,1001,DSA63572,ADECCO INDIA PVT LTD,AABCG3636Q,IN,JI,J1,,0001,1AC0521WVD,80,2021-05-15,2022-03-31,AL,17700000,
500,1001,DNP01003AE,POLESTAR ENGINEERING CO,AADFP6081H,IN,CI,C4,,0001,1NA0726NHG,72.5,2026-07-02,2027-03-31,AL,1250000000,INR
500,1001,PTIM050016,POLESTAR ENGINEERING CO,AADFP6081H,IN,CI,C4,,0001,1AD0625REG,82.5,2025-06-18,2026-03-31,AL,1500000000,INR
500,1001,PSTPLHR15,PEOPLESTRONG TECHNOLOGIES,AADCP8140Q,IN,JI,J1,,0001,1AB0424EIV,95.5,2024-04-10,2025-03-31,AL,39834400,INR
500,1001,PT20010,POLESTAR ENGINEERING CO,AADFP6081H,IN,CI,C4,,0001,1AD0625REG,82.5,2025-06-18,2026-03-31,AL,1500000000,INR
500,1001,R00699,RELIANCE BROADCAST NETWORK LTD.,AADCR1885L,IN,CI,C1,,0001,1AA0821ZBH,40,2021-08-10,2022-03-31,AL,2286724,INR
500,1001,PTIM270207,G S P POWER SYSTEMS PRIVATE LIMITED,AACCG0581H,IN,CI,C1,,0009,1AA0822UVI,55,2022-08-18,2023-03-31,AL,12500000,INR
500,1001,PSB2700356,MLL MOBILITY PRIVATE LIMI,AACCV3807B,IN,CI,C1,,0001,1AJ0523HEA,75,2023-05-24,2024-03-31,AL,100000000,INR
500,1001,PSB2700389,RETROFIT TECHNOLOGY PRIVATE LIMITED,AAHCR1573K,IN,CI,C1,,0001,1AC0426LLA,82.5,2026-04-13,2027-03-31,AL,1100000000,INR
500,1001,PSB2700298,GSP POWER SYSTEMS PVT LTD,AACCG0581H,IN,CI,C1,,0001,1AA0525GXG,37.5,2025-05-01,2026-03-31,AL,2400000000,INR
500,1001,PTIM330213,POLESTAR ENGINEERING CO,AADFP6081H,IN,CI,C4,,0001,1AD0625REG,82.5,2025-06-18,2026-03-31,AL,1500000000,INR
500,1001,0035050202,SAFE & SECURE LOGISTICS PVT.,AAGCS5100E,IN,CI,C1,,0001,1AC0625VUD,75,2025-06-13,2026-03-31,AL,133000000,INR
500,1001,PTS1000124,RETROFIT TECHNOLOGY PVT LTD,AAHCR1573K,IN,CI,C1,,0001,1AC0426LLA,82.5,2026-04-13,2027-03-31,AL,1100000000,INR
500,1001,PTIM290126,POLESTAR ENGINEERING CO,AADFP6081H,IN,CI,C4,,0001,1AD0625REG,82.5,2025-06-18,2026-03-31,AL,1500000000,INR
500,1081,QTP015,Qualitykiosk Technologies Pvt Ltd,AAACQ0609C,IN,JI,J1,,0001,1AD0426MDK,59.5,2026-04-17,2027-03-31,AL,3500000,INR
500,1079,QTP015,Qualitykiosk Technologies Pvt Ltd,AAACQ0609C,IN,JI,J1,,0001,1AD0426MFB,59.5,2026-04-17,2027-03-31,AL,1000000,INR
500,1001,DPLHR01,Delhivery Pvt. Ltd,AAPCS9575E,IN,CI,C1,,0001,1AA0125VBY,95,2025-01-22,2025-03-31,AL,334906000,INR
500,1001,FA0153,AVL TECHNICAL CENTRE (P) LIMITED,AADCA1470C,IN,JI,J5,,0001,1AA0526LJX,41.5,2026-05-05,2027-03-31,AL,300000000,INR
500,1001,DSW65177,WEFREIGHT INDIA PRIVATE LIMITED,AACCW4731B,IN,CI,C1,,0001,1AA0824ZTI,37.5,2024-08-19,2025-03-31,AL,234000,INR
500,1081,DNT00548AA,TALENT HIRED-THE JOB STOR,AAECT4240J,IN,JI,J1,,0001,1AF0426WOG,88,2026-04-27,2027-03-31,AL,13799000,INR
500,1001,DNM00497AB,MCKINSEY & COMPANY INDIA LLP,AAXFM1434F,IN,JP,J1,,0001,1NC0726MCH,62.7,2026-07-17,2027-03-31,AL,1708633372,INR
500,1001,DNM00497AB,MCKINSEY & COMPANY INDIA LLP,AAXFM1434F,IN,JI,J1,,0001,1NC0726MCH,62.7,2026-07-17,2027-03-31,AL,1708633372,INR
500,1081,DNS00642AA,STRATEGIC LEARNING SOLUTI,AADCS9706K,IN,JI,J1,,0001,1AD0426CLG,84,2026-04-15,2027-03-31,AL,17000000,INR
500,1001,DNS00642AA,STRATEGIC LEARNING SOLUTI,AADCS9706K,IN,JI,J1,,0001,1AD0426CLH,84,2026-04-15,2027-03-31,AL,70000000,INR
500,1001,EBU50830,GSP POWER SYSTEMS PRIVATE LIMITED,AACCG0581H,IN,CI,C1,,0001,1AD0524KNE,55,2024-05-09,2025-03-31,AL,2000000000,INR
500,1001,DSA63560,ADECCO INDIA PVT LTD,AABCG3636Q,IN,JI,J1,,0001,1AC0521WVD,80,2021-05-15,2022-03-31,AL,17700000,
500,1001,DNM00374AA,MEHRAB MOTORS PVT. LTD.,AAECM2799M,IN,CI,C1,,0001,1NA0526JMH,62.5,2026-05-14,2027-03-31,AL,12000000,INR
500,1001,DPLWB01,DELHIVERY PVT LTD,AAPCS9575E,IN,CI,C1,,0001,1AA0125VBY,95,2025-01-22,2025-03-31,AL,334906000,INR
500,1001,DTDCEL01,DTDC EXPRESS LIMITED,AAACD8017H,IN,CI,C1,,0001,1AF0525EER,37.5,2025-05-22,2026-03-31,AL,47000000,INR
500,1001,E00234,ENTERTAINMENT NETWORK INDIA LIMITED,AAACE7796G,IN,CI,C1,,0001,1AE0621PSR,0.5,2021-06-22,2022-03-31,AL,43261047,INR
500,1001,DNR00824AB,RETROFIT TECHNOLOGY PRIVATE,AAHCR1573K,IN,CI,C1,,0001,1AC0426LLA,82.5,2026-04-13,2027-03-31,AL,1100000000,INR
500,1001,DSG62812,GATI KINTETSU EXPRESS PVT LTD,AADCG2096A,IN,CI,C1,,0001,1AG0525ISM,95,2025-05-20,2026-03-31,AL,100000000,INR
500,1001,DSD63632,DTDC EXPRESS LTD.,AAACD8017H,IN,CI,C1,,0001,1AF0525EER,37.5,2025-05-22,2026-03-31,AL,47000000,INR
500,1001,DSB63646,BHARTI AIRTEL LTD.,AAACB2894G,IN,CI,C1,,0001,1AC0325HPR,90,2025-04-01,2026-03-31,AL,681819,INR
500,1001,DSI62022,IVY HEALTH & LIFESCIENCES,AABCI4594F,IN,JI,J1,,0001,1AA0525SWC,64,2025-05-02,2026-03-31,AL,1000000,INR
500,1001,F0309,FLYJAC LOGISTICS PVT.LTD.,AABCF2133M,IN,CI,C1,,0001,1AD0625EMD,5,2025-06-17,2026-03-31,AL,128789198,INR
500,1001,DTDC16,DTDC EXPRESS,AAACD8017H,IN,CI,C1,,0001,1AF0525EER,37.5,2025-05-22,2026-03-31,AL,47000000,INR
500,1001,DSA63711,ADECCO INDIA PVT LTD.,AABCG3636Q,IN,JI,J1,,0001,1AC0521WVD,80,2021-05-15,2022-03-31,AL,17700000,
500,1001,F5633,FREIGHT SYSTEMS INDIA PVT. LTD.,AAACF0677K,IN,CP,C1,,0001,1AD0526MBZ,50,2026-05-21,2027-03-31,AL,4100000,INR
500,1001,F5633,FREIGHT SYSTEMS INDIA PVT. LTD.,AAACF0677K,IN,CI,C1,,0001,1AD0526MBZ,50,2026-05-21,2027-03-31,AL,4100000,INR
500,1001,EEPL53CE,ECCENTRIC ENGINE PVT,AADCE1135A,IN,JI,J1,,0001,1AF0426ZBP,50,2026-04-28,2027-03-31,AL,20000000,INR
500,1001,DSH64763,HANSA RESEARCH GROUP PRIV,AAACH9516M,IN,JI,J1,,0001,1AD0526NXJ,60,2026-05-22,2027-03-31,AL,7000000,INR
500,1079,EY002,ERNST & YOUNG,AAEFE1763C,IN,JI,J3,,0001,4NA0626AIE4C526,40,2026-06-25,2027-03-31,AL,50000000,INR
500,1081,EY002,ERNST & YOUNG,AAEFE1763C,IN,JI,J3,,0001,4NA0626AIE4D263,40,2026-06-25,2027-03-31,AL,6000000,INR
500,1001,F279968,FOXTROT INTERACTIVE PRIVATE LIMITED,AACCF9968R,IN,CI,C1,,0001,1AA1024ATV,50,2024-10-01,2025-03-31,AL,34400000,INR
500,1001,DNC00540AA,Casa2 Stays Private Limited,AAFCC6416Q,IN,CI,C1,,0001,1AG0426KJR,87.5,2026-04-29,2027-03-31,AL,9500000,INR
500,1001,DNC00540AA,Casa2 Stays Private Limited,AAFCC6416Q,IN,CP,C1,,0001,1AG0426KJR,87.5,2026-04-29,2027-03-31,AL,9500000,INR
500,1079,DNI00477AC,IPSOS RESEARCH PRIVATE LIMITED,AABCI3609K,IN,JI,J1,,0001,1AD0526TWJ,35,2026-05-26,2027-03-31,AL,2600000,INR
500,1001,DNM00497AA,McKinsey and Company India LLP,AAXFM1434F,IN,JP,J1,,0001,1NC0726MCH,62.7,2026-07-17,2027-03-31,AL,1708633372,INR
500,1001,DNM00497AA,McKinsey and Company India LLP,AAXFM1434F,IN,JI,J1,,0001,1NC0726MCH,62.7,2026-07-17,2027-03-31,AL,1708633372,INR
500,1001,DNC00796AA,COREINTEGRA CONSULTING,AADCC6736H,IN,JI,J1,,0001,1AB0426GSZ,95,2026-04-07,2027-03-31,AL,1800000,INR
500,1001,DNS03063AA,SAVVY BUSINESS SOLUTIONS,AAOCS8108A,IN,JI,J1,,0001,1AA0526NTN,15,2026-05-06,2027-03-31,AL,1728207,INR
500,1001,DNF00077AA,FREIGHT SYSTEMS (INDIA),AAACF0677K,IN,CI,C1,,0001,1AD0526MBZ,50,2026-05-21,2027-03-31,AL,4100000,INR
500,1081,DNF00077AA,FREIGHT SYSTEMS (INDIA),AAACF0677K,IN,CI,C1,,0001,1AD0526MCS,50,2026-05-21,2026-09-30,AL,800000,INR
500,1001,DNI00181AA,INTERACTIVE AVENUES PRIVATE,AACCI0954J,IN,CI,C1,,0001,1ND0726ETP,25,2026-07-24,2027-03-31,AL,1476824000,INR
500,1079,DNI00181AA,INTERACTIVE AVENUES PRIVATE,AACCI0954J,IN,CI,C1,,0001,1ND0726EUX,25,2026-07-24,2027-03-31,AL,31189000,INR
500,1001,DNI00181AA,INTERACTIVE AVENUES PRIVATE,AACCI0954J,IN,JI,J1,,0001,1ND0726EYS,70,2026-07-24,2027-03-31,AL,58622000,INR
500,1079,DNE00207AD,Ernst & Young LLP,AAEFE1763C,IN,JI,J3,,0001,4NA0626AIE4C526,40,2026-06-25,2027-03-31,AL,50000000,INR
500,1079,DNH00180AB,HANSA CUSTOMER EQUITY,AADCC3122F,IN,JI,J1,,0001,1AA0726HLS,76.5,2026-07-07,2027-03-31,AL,63960000,INR
500,1081,DNH00180AB,HANSA CUSTOMER EQUITY,AADCC3122F,IN,JI,J1,,0001,1AA0726HLT,76.5,2026-07-07,2027-03-31,AL,50000000,INR
500,1001,DND00155AA,DACHSER INDIA PVT LTD,AACCA7791D,IN,CP,C1,,0001,1AB0526LDF,12.5,2026-05-12,2027-03-31,AL,129544037,INR
500,1001,DND00155AA,DACHSER INDIA PVT LTD,AACCA7791D,IN,CI,C1,,0001,1AB0526LDF,12.5,2026-05-12,2027-03-31,AL,129544037,INR
500,1079,DNE00207AE,Ernst & Young LLP,AAEFE1763C,IN,JI,J3,,0001,4NA0626AIE4C526,40,2026-06-25,2027-03-31,AL,50000000,INR
500,1081,DNE00207AE,Ernst & Young LLP,AAEFE1763C,IN,JI,J3,,0001,4NA0626AIE4D263,40,2026-06-25,2027-03-31,AL,6000000,INR
500,1081,DNS00681AA,SHARPSELL TECHNOLOGY,AAFCH5205E,IN,JI,J1,,0001,1NC0626BQR,90,2026-06-30,2027-03-31,AL,14030000,INR
500,1079,DNL00192AA,LORDS FREIGHT (INDIA) PRIVATE LIMIT,AACCL0108M,IN,CI,C1,,0001,1NA0626AVI,25,2026-06-01,2027-03-31,AL,29456153,INR
500,1001,DNN00750AA,NOBLE SHIPPING PVT LTD,AABCN3498H,IN,CI,C1,,0001,1AC0426RZI,67.5,2026-04-15,2027-03-31,AL,5200000,INR
500,1001,DNK00212AA,KRIOS INFO SOLUTIONS PRIV,AAFCT7273G,IN,JP,J1,,0001,1NC0726CFF,75,2026-07-14,2027-03-31,AL,180000000,INR
500,1001,DNK00212AA,KRIOS INFO SOLUTIONS PRIV,AAFCT7273G,IN,JI,J1,,0001,1NC0726CFF,75,2026-07-14,2027-03-31,AL,180000000,INR
500,1001,DSS63699,SOTC TRAVEL LTD.,AAGCS6725D,IN,CI,C1,,0001,1AA1223PST,75,2023-12-20,2024-03-31,AL,100000000,INR
500,1001,F00014,FLYJAC LOGISTICS PVT.,AABCF2133M,IN,CI,C1,,0001,1AD0624JGS,5,2024-06-13,2025-03-31,AL,82274470,INR
500,1081,F00014,FLYJAC LOGISTICS PVT.,AABCF2133M,IN,CI,C1,,0001,1NF0726FMJ,50,2026-07-30,2027-03-31,AL,21867716,INR
500,1001,DSG64830,GI STAFFING SERVICES PVT LTD.,AADCG3694A,IN,CI,C1,,0010,1AA0321OHO,95,2021-05-01,2022-03-31,AL,9283372.48,INR
500,1001,DSB65159,BUREAU VERITAS INDIA PRIVATE LIMITE,AABCB6767B,IN,JI,J1,,0001,1AB0725ZAL,30,2025-07-18,2026-03-31,AL,9000000,INR
500,1001,DSV65176,VSERV INFOSYSTEMS PRIVATE LIMITED,AAFCV6101M,IN,CI,C1,,0001,1NB0926BLY,12.5,2026-09-21,2027-03-31,AL,10754762,INR
500,1001,DSV65176,VSERV INFOSYSTEMS PRIVATE LIMITED,AAFCV6101M,IN,LI,L1,,0001,1NB0926BOK,50,2026-09-21,2027-03-31,AL,915756,INR
500,1001,EBU22809,RETROFIT TECHNOLOGY PRIVATE LTD,AAHCR1573K,IN,CI,C1,,0001,1AC0426LLA,82.5,2026-04-13,2027-03-31,AL,1100000000,INR
500,1001,EBU22809,RETROFIT TECHNOLOGY PRIVATE LTD,AAHCR1573K,IN,CP,C1,,0001,1AC0426LLA,82.5,2026-04-13,2027-03-31,AL,1100000000,INR
500,1001,DNR00824AA,RETROFIT TECHNOLOGY PVT LTD,AAHCR1573K,IN,CI,C1,,0001,1AC0426LLA,82.5,2026-04-13,2027-03-31,AL,1100000000,INR
500,1001,DNR00824AA,RETROFIT TECHNOLOGY PVT LTD,AAHCR1573K,IN,CP,C1,,0001,1AC0426LLA,82.5,2026-04-13,2027-03-31,AL,1100000000,INR
500,1001,EBU44345,RETROFIT TECHNOLOGY PVT LTD,AAHCR1573K,IN,CI,C1,,0001,1AC0426LLA,82.5,2026-04-13,2027-03-31,AL,1100000000,INR
500,1001,FA0148,ADIRAJ MANPOWER SERVICES,AAFCA8122K,IN,CI,C1,,0001,1AC0723NZK,50,2023-07-25,2024-03-31,AL,61738817,INR
500,1001,DST63547,THE AUTOMOTIVE RESEARCH ASSOCIATION,AAATT1989P,IN,JP,J3,,0001,1AD0526CUH,100,2026-05-19,2027-03-31,AL,350000000,INR
500,1001,DST63547,THE AUTOMOTIVE RESEARCH ASSOCIATION,AAATT1989P,IN,JI,J3,,0001,1AD0526CUH,100,2026-05-19,2027-03-31,AL,350000000,INR
500,1079,DSTSL105CH,DESIGNTECH SYSTEMS PRIVAT,AABCD2335F,IN,JI,J1,,0001,1NA0726SQD,66.5,2026-07-06,2027-03-31,AL,8426700,INR
500,1001,DNT00472AA,THE AUTOMOTIVE RESEARCH,AAATT1989P,IN,JP,J3,,0001,1AD0526CUH,100,2026-05-19,2027-03-31,AL,350000000,INR
500,1001,DNT00472AA,THE AUTOMOTIVE RESEARCH,AAATT1989P,IN,JI,J3,,0001,1AD0526CUH,100,2026-05-19,2027-03-31,AL,350000000,INR
500,1001,DIH00144AB,HANSA RESEARCH GROUP PVT,AAACH9516M,IN,JI,J1,,0001,1AD0526NXJ,60,2026-05-22,2027-03-31,AL,7000000,INR
500,1001,DIH00144AB,HANSA RESEARCH GROUP PVT,AAACH9516M,IN,JP,J1,,0001,1AD0526NXJ,60,2026-05-22,2027-03-31,AL,7000000,INR
500,1001,DII00470AA,INFOBIP INDIA PVT LTD,AADCI4073K,IN,JI,J1,,0001,1NA0726YDI,65,2026-07-07,2027-03-31,AL,23000000,INR
500,1081,DIM01158BA,MLL EXPRESS SERVICES PRIVATE,AACCV3947L,IN,CI,C1,,0001,1AD0526PNS,87.5,2026-05-25,2027-03-31,AL,150000000,INR
500,1081,DIM01158AL,MLL EXPRESS SERVICES PRIVATE,AACCV3947L,IN,CI,C1,,0001,1AD0526PNS,87.5,2026-05-25,2027-03-31,AL,150000000,INR
500,1001,DIH00442AA,HealthQuarters India Private Limite,AACCH2341C,IN,JI,J1,,0001,1NA0626THP,90,2026-06-12,2027-03-31,AL,2231986,INR
500,1081,DIH00442AA,HealthQuarters India Private Limite,AACCH2341C,IN,JI,J1,,0001,1NA0626THQ,90,2026-06-12,2027-03-31,AL,2183531,INR
500,1001,DLSIDI,DACHSER INDIA PVT LTD,AACCA7791D,IN,CP,C1,,0001,1AB0526LDF,12.5,2026-05-12,2027-03-31,AL,129544037,INR
500,1001,DLSIDI,DACHSER INDIA PVT LTD,AACCA7791D,IN,CI,C1,,0001,1AB0526LDF,12.5,2026-05-12,2027-03-31,AL,129544037,INR
500,1081,DIM01158AC,MLL EXPRESS SERVICES PRIVATE,AACCV3947L,IN,CI,C1,,0001,1AD0526PNS,87.5,2026-05-25,2027-03-31,AL,150000000,INR
500,1081,DIM01158AO,MLL Express Services Private,AACCV3947L,IN,CI,C1,,0001,1AD0526PNS,87.5,2026-05-25,2027-03-31,AL,150000000,INR
500,1079,DIH00180AB,HANSA CUSTOMER EQUITY,AADCC3122F,IN,JI,J1,,0001,1AA0726HLS,76.5,2026-07-07,2027-03-31,AL,63960000,INR
500,1081,DIH00180AB,HANSA CUSTOMER EQUITY,AADCC3122F,IN,JI,J1,,0001,1AA0726HLT,76.5,2026-07-07,2027-03-31,AL,50000000,INR
500,1001,DIH00185AA,MOTOWALKS TECHNOLOGIES PRIVATE LIMI,AADCS9617D,IN,CI,C1,,0001,1AD0426XBN,75,2026-04-20,2027-03-31,AL,9000000,INR
500,1079,DIH00185AA,MOTOWALKS TECHNOLOGIES PRIVATE LIMI,AADCS9617D,IN,JI,J1,,0001,1AD0426XBO,75,2026-04-20,2027-03-31,AL,10800000,INR
500,1081,DIH00185AA,MOTOWALKS TECHNOLOGIES PRIVATE LIMI,AADCS9617D,IN,CI,C1,,0001,1AD0426XBP,75,2026-04-20,2027-03-31,AL,100000,INR
500,1001,DIF00282AA,FM INDIA SUPPLY CHAIN PRIVATE LIMIT,AACCF6938K,IN,CI,C1,,0001,1AG0525DYV,95,2025-05-27,2026-03-31,AL,33877535,INR
500,1081,DIM01158AD,MLL EXPRESS SERVICES PRIVATE,AACCV3947L,IN,CI,C1,,0001,1AD0526PNS,87.5,2026-05-25,2027-03-31,AL,150000000,INR
500,1079,DIF00108AF,LOGISTEED INDIA PRIVATE LIMITED,AABCF2133M,IN,CI,C1,,0001,1NF0726FMH,50,2026-07-30,2027-03-31,AL,4027553,INR
500,1081,DIF00108AF,LOGISTEED INDIA PRIVATE LIMITED,AABCF2133M,IN,CI,C1,,0001,1NF0726FMJ,50,2026-07-30,2027-03-31,AL,21867716,INR
500,1081,DIS00642AA,STRATEGIC LEARNING SOLUTI,AADCS9706K,IN,JI,J1,,0001,1AD0426CLG,84,2026-04-15,2027-03-31,AL,17000000,INR
500,1001,DIS00642AA,STRATEGIC LEARNING SOLUTI,AADCS9706K,IN,JI,J1,,0001,1AD0426CLH,84,2026-04-15,2027-03-31,AL,70000000,INR
500,1001,DIH00156AA,HERO MINDMINE INSTITUTE,AABCH8741B,IN,JI,J1,,0001,1NA0626TBA,75,2026-06-12,2027-03-31,AL,10000000,INR
500,1001,DIC00240AA,CRAYON SOFTWARE EXPERTS INDIA,AAFCC6808E,IN,JI,J1,,0001,1NA0926MEW,63.5,2026-09-04,2027-03-31,AL,117350000,INR
500,1081,DIM01158AJ,MLL EXPRESS SERVICES PRIVATE,AACCV3947L,IN,CI,C1,,0001,1AD0526PNS,87.5,2026-05-25,2027-03-31,AL,150000000,INR
500,1079,DIF00108AA,FLYJAC LOGISTICS PRIVATE,AABCF2133M,IN,CI,C1,,0001,1NF0726FMH,50,2026-07-30,2027-03-31,AL,4027553,INR
500,1081,DIF00108AA,FLYJAC LOGISTICS PRIVATE,AABCF2133M,IN,CI,C1,,0001,1NF0726FMJ,50,2026-07-30,2027-03-31,AL,21867716,INR
500,1079,DID00384AB,DESIGNTECH SYSTEMS PRIVAT,AABCD2335F,IN,JI,J1,,0001,1NA0726SQD,66.5,2026-07-06,2027-03-31,AL,8426700,INR
500,1079,DIM00398AK,MAHINDRA LOGISTICS LIMITED,AAFCM2530H,IN,CI,C1,,0001,1AD0426EMO,60,2026-04-16,2027-03-31,AL,1202274130,INR
500,1081,DIM00398AK,MAHINDRA LOGISTICS LIMITED,AAFCM2530H,IN,CI,C1,,0001,1AD0426EMP,60,2026-04-16,2027-03-31,AL,3423983036,INR
500,1079,DIF00108AG,LOGISTEED INDIA PRIVATE LIMITED,AABCF2133M,IN,CI,C1,,0001,1NF0726FMH,50,2026-07-30,2027-03-31,AL,4027553,INR
500,1081,DIF00108AG,LOGISTEED INDIA PRIVATE LIMITED,AABCF2133M,IN,CI,C1,,0001,1NF0726FMJ,50,2026-07-30,2027-03-31,AL,21867716,INR
500,1079,DIM00398AI,MAHINDRA LOGISTICS LIMITED,AAFCM2530H,IN,CI,C1,,0001,1AD0426EMO,60,2026-04-16,2027-03-31,AL,1202274130,
500,1081,DIM00398AI,MAHINDRA LOGISTICS LIMITED,AAFCM2530H,IN,CI,C1,,0001,1AD0426EMP,60,2026-04-16,2027-03-31,AL,3423983036,INR
500,1081,DIM01158AX,MLL EXPRESS SERVICES PRIVATE,AACCV3947L,IN,CI,C1,,0001,1AD0526PNS,87.5,2026-05-25,2027-03-31,AL,150000000,INR
500,1001,DLSIF001,FCM TRAVEL SOLUTIONS,AAACF2674C,IN,CI,C1,,0001,1AD0625YCY,94.5,2025-06-20,2026-03-31,AL,181110593,INR
500,1001,DII00181AA,INTERACTIVE AVENUES PRIVATE,AACCI0954J,IN,CI,C1,,0001,1ND0726ETP,25,2026-07-24,2027-03-31,AL,1476824000,INR
500,1079,DII00181AA,INTERACTIVE AVENUES PRIVATE,AACCI0954J,IN,CI,C1,,0001,1ND0726EUX,25,2026-07-24,2027-03-31,AL,31189000,INR
500,1001,DII00181AA,INTERACTIVE AVENUES PRIVATE,AACCI0954J,IN,JI,J1,,0001,1ND0726EYS,70,2026-07-24,2027-03-31,AL,58622000,INR
500,1079,DII00181AA,INTERACTIVE AVENUES PRIVATE,AACCI0954J,IN,JI,J1,,0001,1ND0726EZO,70,2026-07-24,2027-03-31,AL,7200000,INR
500,1081,DIM00398AQ,Mahindra Logistic Ltd,AAFCM2530H,IN,CI,C1,,0001,1AD0426EMP,60,2026-04-16,2027-03-31,AL,3423983036,INR
500,1081,DIT00166AA,TEAMLEASE SKILLS UNIVERSITY,AAAJT2549P,IN,CI,C4,,0001,1AE0625BOK,100,2025-06-20,2026-03-31,AL,162000,INR
500,1081,DIM01158AP,MLL EXPRESS SERVICES PRIVATE,AACCV3947L,IN,CI,C1,,0001,1AD0526PNS,87.5,2026-05-25,2027-03-31,AL,150000000,INR
500,1081,DIM01158AU,MLL EXPRESS SERVICES PRIVATE,AACCV3947L,IN,CI,C1,,0001,1AD0526PNS,87.5,2026-05-25,2027-03-31,AL,150000000,INR
500,1001,DLA0425601,HERO MINDMINE INSTITUTE PVT LTD,AABCH8741B,IN,JI,J1,,0001,1NA0626TBA,75,2026-06-12,2027-03-31,AL,10000000,INR
500,1081,DIT00161AD,TCI SUPPLY CHAIN SOLUTIONS -,AAACT7966R,IN,CI,C1,,0001,1AA0426SZQ,65,2026-04-02,2027-03-31,AL,69190000,INR
500,1001,DII00477AA,IPSOS RESEARCH PRIVATE LIMITED,AABCI3609K,IN,JI,J1,,0001,1AD0526TWI,35,2026-05-26,2027-03-31,AL,12400000,INR
500,1081,DIM00398AS,MAHINDRA LOGISTICS LIMITED,AAFCM2530H,IN,CI,C1,,0001,1AD0426EMP,60,2026-04-16,2027-03-31,AL,3423983036,INR
500,1001,DIO00139AA,Om Logistics Supply Chain Private,AAECO4660K,IN,CI,C1,,0001,1AG0426GGL,67.5,2026-04-29,2027-03-31,AL,25569000,INR
500,1001,DIA01168AA,AYANA RENEWABLE POWER PRIVATE,AAPCA2514F,IN,LI,L1,,0001,1NA0526NBS,90,2026-05-15,2027-03-31,AL,4000000,INR
500,1001,DII00204AA,INFRABEAT TECHNOLOGIES,AADCI2231B,IN,JI,J1,,0001,1AH0425EJC,81,2025-04-29,2026-03-31,AL,6000000,INR
500,1001,DIT00472AD,THE AUTOMOTIVE RESEARCH,AAATT1989P,IN,JI,J3,,0001,1AD0526CUH,100,2026-05-19,2027-03-31,AL,350000000,INR
500,1081,DIT00472AD,THE AUTOMOTIVE RESEARCH,AAATT1989P,IN,JI,J3,,0001,1AD0526CVA,100,2026-05-19,2027-03-31,AL,110000000,INR
500,1079,DIT00472AD,THE AUTOMOTIVE RESEARCH,AAATT1989P,IN,JI,J3,,0001,1AD0526CVD,100,2026-05-19,2027-03-31,AL,110000000,INR
500,1081,DIM01158AK,MLL EXPRESS SERVICES PRIVATE,AACCV3947L,IN,CI,C1,,0001,1AD0526PNS,87.5,2026-05-25,2027-03-31,AL,150000000,INR
500,1081,DIM01158AE,MLL EXPRESS SERVICES PRIVATE,AACCV3947L,IN,CI,C1,,0001,1AD0526PNS,87.5,2026-05-25,2027-03-31,AL,150000000,INR
500,1001,DIS02332AA,SDB SELECT SERVICES PVT L,AAVCS1072J,IN,CI,C1,,0001,1AA0526VLO,70,2026-05-07,2027-03-31,AL,48214019,INR
500,1001,DII00229AA,INTELIZIGN LIFECYCLE SERV,AAGCI2284M,IN,JI,J1,,0001,1AB0526ELZ,65,2026-05-11,2027-03-31,AL,64860552,INR
500,1081,DII00229AA,INTELIZIGN LIFECYCLE SERV,AAGCI2284M,IN,JI,J1,,0001,1AB0526EMB,65,2026-05-11,2027-03-31,AL,4274160,INR
500,1081,DII00229AA,INTELIZIGN LIFECYCLE SERV,AAGCI2284M,IN,JP,J1,,0001,1AB0526EMB,65,2026-05-11,2027-03-31,AL,4274160,INR
500,1081,DIS00681AA,SHARPSELL TECHNOLOGY,AAFCH5205E,IN,JI,J1,,0001,1NC0626BQR,90,2026-06-30,2027-03-31,AL,14030000,INR
500,1081,DIM01158AM,MLL EXPRESS SERVICES PRIVATE,AACCV3947L,IN,CI,C1,,0001,1AD0526PNS,87.5,2026-05-25,2027-03-31,AL,150000000,INR
500,1081,DIT00161AB,TCI SUPPLY CHAIN SOLUTION (A,AAACT7966R,IN,CI,C1,,0001,1AA0426SZQ,65,2026-04-02,2027-03-31,AL,69190000,
500,1081,DIM01158AA,MLL EXPRESS SERVICES PRIVATE,AACCV3947L,IN,CI,C1,,0001,1AD0526PNS,87.5,2026-05-25,2027-03-31,AL,150000000,INR
500,1001,DID00371AA,Dassault Systemes India Pvt Ltd,AACCD7672A,IN,JP,J1,,0001,1NC0726NSM,87,2026-07-17,2027-03-31,AL,914462070,INR
500,1001,DID00371AA,Dassault Systemes India Pvt Ltd,AACCD7672A,IN,JI,J1,,0001,1NC0726NSM,87,2026-07-17,2027-03-31,AL,914462070,INR
500,1081,DID00371AA,Dassault Systemes India Pvt Ltd,AACCD7672A,IN,JI,J1,,0001,1NC0726NTN,87,2026-07-17,2027-03-31,AL,96739212,INR
500,1081,DIM00398AN,MAHINDRA LOGISTICS LIMITED,AAFCM2530H,IN,CI,C1,,0001,1AD0426EMP,60,2026-04-16,2027-03-31,AL,3423983036,INR
500,1001,DIS00556AB,SIFY TECHNOLOGIES LTD,AAACS9032R,IN,JI,J1,,0001,1AA0526DTJ,85,2026-04-30,2027-03-31,AL,5400579,INR
500,1081,DIM01158AQ,MLL EXPRESS SERVICES PRIVATE,AACCV3947L,IN,CI,C1,,0001,1AD0526PNS,87.5,2026-05-25,2027-03-31,AL,150000000,INR
500,1081,DIN00170AA,NEEDS MANPOWER SUPPORT,AACCN4867B,IN,CI,C1,,0001,1NA0626QFJ,67.5,2026-06-10,2027-03-31,AL,28754079,INR
500,1081,DIM01158AH,MLL EXPRESS SERVICES PRIVATE,AACCV3947L,IN,CI,C1,,0001,1AD0526PNS,87.5,2026-05-25,2027-03-31,AL,150000000,INR
500,1079,DIL00192AB,LORDS FREIGHT INDIA PRIVATE,AACCL0108M,IN,CI,C1,,0001,1NA0626AVI,25,2026-06-01,2027-03-31,AL,29456153,INR
500,1081,DIL00192AB,LORDS FREIGHT INDIA PRIVATE,AACCL0108M,IN,CI,C1,,0001,1NA0626AVJ,25,2026-06-01,2027-03-31,AL,260298,INR
500,1079,DIM00474AA,MIRUM DIGITAL PRIVATE LIM,AANCS0273K,IN,JI,J1,,0001,1AC0526TKB,58,2026-05-15,2027-03-31,AL,12000000,INR
500,1081,DIN00463AA,NETCORE PRIVATE LIMITED,AAACR2730D,IN,CI,C1,,0001,4NA0726AGE4A194,12.5,2026-07-15,2027-03-31,AL,100000,INR
500,1001,DMM0419,MAX PUBLICITY & COMMUNICATION,AAHCM3403H,IN,CI,C1,,0001,1AB0521OAW,75,2021-05-07,2022-03-31,AL,20000000,INR
500,1001,DMM0419,MAX PUBLICITY & COMMUNICATION,AAHCM3403H,IN,CP,C1,,0001,1AB0521OAW,75,2021-05-07,2022-03-31,AL,20000000,INR
500,1081,DIX00023AA,XTELIFY LIMITED,AABCW6047M,IN,JI,J1,,0001,1AD0526NGJ,77.5,2026-05-21,2027-03-31,AL,56525104,INR
500,1081,DIM01158AN,MLL EXPRESS SERVICES PRIVATE,AACCV3947L,IN,CI,C1,,0001,1AD0526PNS,87.5,2026-05-25,2027-03-31,AL,150000000,INR
500,1001,DID00362AJ,DUSTERS TOTAL SOLUTIONS,AACCD5989Q,IN,CI,C1,,0001,4AB0326QIP4A066,99.5,2026-04-01,2027-03-31,AL,66544756,INR
500,1079,DIE00207AB,Ernst & Young LLP,AAEFE1763C,IN,JI,J3,,0001,4NA0626AIE4C526,40,2026-06-25,2027-03-31,AL,50000000,INR
500,1081,DIE00207AB,Ernst & Young LLP,AAEFE1763C,IN,JI,J3,,0001,4NA0626AIE4D263,40,2026-06-25,2027-03-31,AL,6000000,INR
500,1081,DIM01158AT,MLL EXPRESS SERVICES PRIVATE,AACCV3947L,IN,CI,C1,,0001,1AD0526PNS,87.5,2026-05-25,2027-03-31,AL,150000000,INR
500,1001,DIM01054AA,Mahindra First Choice Wheels Limite,AACCM0794N,IN,II,I1,,0001,4AG0426FWT4A005,90,2026-04-29,2027-03-31,AL,192000000,INR
500,1079,DIM01054AA,Mahindra First Choice Wheels Limite,AACCM0794N,IN,JI,J5,,0001,4AG0426FWU4A062,50,2026-04-29,2027-03-31,AL,40000000,INR
500,1079,DIE00207AA,Ernst & Young LLP,AAEFE1763C,IN,JI,J3,,0001,4NA0626AIE4C526,40,2026-06-25,2027-03-31,AL,50000000,INR
500,1079,DIF00108AE,LOGISTEED INDIA PRIVATE LIMITED,AABCF2133M,IN,CI,C1,,0001,1NF0726FMH,50,2026-07-30,2027-03-31,AL,4027553,INR
500,1081,DIF00108AE,LOGISTEED INDIA PRIVATE LIMITED,AABCF2133M,IN,CI,C1,,0001,1NF0726FMJ,50,2026-07-30,2027-03-31,AL,21867716,INR
500,1081,DIS00698AA,SAFE & SECURE LOGISTICS,AAGCS5100E,IN,CI,C1,,0001,1AC0625VUO,75,2025-06-13,2026-03-31,AL,25000000,INR
500,1001,DIS00698AA,SAFE & SECURE LOGISTICS,AAGCS5100E,IN,CI,C1,,0001,4NA0626ADO4A003,62.5,2026-06-08,2027-03-31,AL,150000000,INR
500,1079,DIA00934AA,ACTEVIA TECHNOLOGY SERVICES,AAUCA3130C,IN,JI,J1,,0001,1AB0326EUU,50,2026-04-01,2027-03-31,AL,10000000,INR
500,1081,DIF00108AD,FLYJAC LOGISTICS PVT LTD,AABCF2133M,IN,CI,C1,,0001,1NF0726FMJ,50,2026-07-30,2027-03-31,AL,21867716,INR
500,1079,DIL00192AC,LORDS FREIGHT PRIVATE,AACCL0108M,IN,CI,C1,,0001,1NA0626AVI,25,2026-06-01,2027-03-31,AL,29456153,INR
500,1001,DIT00570AA,THINKINNOV SOLUTION,AAFCT3855N,IN,JI,J1,,0001,1NA0926SVB,50,2026-09-10,2027-03-31,AL,25099759,INR
500,1081,DIM01158AV,MLL EXPRESS SERVICES PRIVATE,AACCV3947L,IN,CI,C1,,0001,1AD0526PNS,87.5,2026-05-25,2027-03-31,AL,150000000,INR
500,1001,DIM00374AA,MEHRAB MOTORS PVT. LTD.,AAECM2799M,IN,CI,C1,,0001,1NA0526JMH,62.5,2026-05-14,2027-03-31,AL,12000000,INR
500,1079,DIH00128AA,HARITA TECHSERV PRIVATE,AAACH2489K,IN,JI,J1,,0001,1AD0526GQE,85,2026-05-20,2027-03-31,AL,20800000,INR
500,1081,DIX00023AB,Xtelify Limited,AABCW6047M,IN,JI,J1,,0001,1AD0526NGJ,77.5,2026-05-21,2027-03-31,AL,56525104,INR
500,1001,DIX00023AB,Xtelify Limited,AABCW6047M,IN,CI,C1,,0001,1AD0526NGT,75,2026-05-21,2027-03-31,AL,127053547,INR
500,1081,DIT00384AA,TUV INDIA PVT LTD.,AAACT2209D,IN,JP,J1,,0001,4NA0626AAB4D060,50,2026-06-01,2027-03-31,AL,1840000,INR
500,1081,DIT00384AA,TUV INDIA PVT LTD.,AAACT2209D,IN,JI,J1,,0001,4NA0626AAB4D060,50,2026-06-01,2027-03-31,AL,1840000,INR
500,1079,DIT00384AA,TUV INDIA PVT LTD.,AAACT2209D,IN,JI,J1,,0001,4NA0626AAB4G873,50,2026-06-01,2027-03-31,AL,400000,INR
500,1081,DIM01158AY,MLL EXPRESS SERVICES PRIVATE,AACCV3947L,IN,CI,C1,,0001,1AD0526PNS,87.5,2026-05-25,2027-03-31,AL,150000000,INR
500,1001,DIL00067AA,LEPTON SOFTWARE EXPORT &,AAACL6778R,IN,JI,J1,,0001,1AA0725JNI,55,2025-07-02,2026-03-31,AL,34454861,INR
500,1001,DIT00472AC,THE AUTOMOTIVE RESEARCH,AAATT1989P,IN,JI,J3,,0001,1AD0526CUH,100,2026-05-19,2027-03-31,AL,350000000,INR
500,1001,DIT00472AC,THE AUTOMOTIVE RESEARCH,AAATT1989P,IN,JP,J3,,0001,1AD0526CUH,100,2026-05-19,2027-03-31,AL,350000000,INR
500,1001,DIS00556AE,SIFY TECHNOLOGIES LIMITED,AAACS9032R,IN,JI,J1,,0001,1AA0526DTJ,85,2026-04-30,2027-03-31,AL,5400579,INR
500,1081,DIQ00013AA,QUALITYKIOSK TECHNOLOGIES,AAACQ0609C,IN,JI,J1,,0001,1AD0426MDK,59.5,2026-04-17,2027-03-31,AL,3500000,INR
500,1001,DIM00497AA,MCKINSEY & COMPANY INDIA LLP,AAXFM1434F,IN,JP,J1,,0001,1NC0726MCH,62.7,2026-07-17,2027-03-31,AL,1708633372,INR
500,1001,DIM00497AA,MCKINSEY & COMPANY INDIA LLP,AAXFM1434F,IN,JI,J1,,0001,1NC0726MCH,62.7,2026-07-17,2027-03-31,AL,1708633372,INR
500,1081,DIM00398AH,MAHINDRA LOGISTICS LTD,AAFCM2530H,IN,CI,C1,,0001,1AD0426EMP,60,2026-04-16,2027-03-31,AL,3423983036,INR
500,1001,DIU00228AA,UPGRAD EDUCATION PRIVATE,AAECD4879M,IN,JI,J1,,0001,4AA0526NTJ4A008,80,2026-05-06,2027-03-31,AL,110000000,INR
500,1079,DIN00380AA,NETWORK18 MEDIA & INVESTMENTS,AABCS2472G,IN,CP,C1,,0001,4AB0426YFU4A241,92.5,2026-04-09,2027-03-31,AL,10000000,INR
500,1079,DIN00380AA,NETWORK18 MEDIA & INVESTMENTS,AABCS2472G,IN,CI,C1,,0001,4AB0426YFU4A241,92.5,2026-04-09,2027-03-31,AL,10000000,INR
500,1001,DIN00380AA,NETWORK18 MEDIA & INVESTMENTS,AABCS2472G,IN,CI,C1,,0001,4AB0426YFU4A294,92.5,2026-04-09,2027-03-31,AL,7500000,INR
500,1081,DIL00192AF,LORDS FREIGHT (INDIA) PRIVATE,AACCL0108M,IN,CI,C1,,0001,1NA0626AVJ,25,2026-06-01,2027-03-31,AL,260298,INR
500,1079,DIL00146AA,LIVING MEDIA INDIA LIMITED,AAACL0087H,IN,CI,C1,,0001,1AD0326FEZ,50,2026-04-01,2027-03-31,AL,1200000,INR
500,1079,DIL00192AA,LORDS FREIGHT (INDIA) PRIVATE,AACCL0108M,IN,CI,C1,,0001,1NA0626AVI,25,2026-06-01,2027-03-31,AL,29456153,INR
500,1081,DIL00192AA,LORDS FREIGHT (INDIA) PRIVATE,AACCL0108M,IN,CI,C1,,0001,1NA0626AVJ,25,2026-06-01,2027-03-31,AL,260298,INR
500,1001,DIA01162AA,AWIGN ENTERPRISES PRIVATE,AAOCA5799B,IN,JI,J1,,0001,1AD0625WZC,99,2025-06-20,2026-03-31,AL,6000000,INR
500,1001,DIP00727AB,PLUXEE INDIA PRIVATE LIMI,AALCS9822Q,IN,CP,C1,,0001,1AC0426YUV,87.5,2026-04-15,2027-03-31,AL,20895111,INR
500,1001,DIP00727AB,PLUXEE INDIA PRIVATE LIMI,AALCS9822Q,IN,CI,C1,,0001,1AC0426YUV,87.5,2026-04-15,2027-03-31,AL,20895111,INR
500,1001,DIT00559AA,TEAMLEASE FOUNDATION,AADCT8958N,IN,CI,C1,,0001,1AB0326PSB,100,2026-04-01,2027-03-31,AL,6819000,INR
500,1081,DIT00559AA,TEAMLEASE FOUNDATION,AADCT8958N,IN,CI,C1,,0001,1AB0326PSD,100,2026-04-01,2027-03-31,AL,156000,INR
500,1001,DIH00144AA,HANSA RESEARCH GROUP PVT,AAACH9516M,IN,JP,J1,,0001,1AD0526NXJ,60,2026-05-22,2027-03-31,AL,7000000,INR
500,1001,DIH00144AA,HANSA RESEARCH GROUP PVT,AAACH9516M,IN,JI,J1,,0001,1AD0526NXJ,60,2026-05-22,2027-03-31,AL,7000000,INR
500,1081,DIP00333AA,PARAMTECH CAD SERVICES,AAHCP6576C,IN,JI,J1,,0001,1NA0826DJW,84,2026-08-06,2027-03-31,AL,36241947,INR
500,1001,DIP00727AA,PLUXEE INDIA PRIVATE LIMI,AALCS9822Q,IN,CP,C1,,0001,1AC0426YUV,87.5,2026-04-15,2027-03-31,AL,20895111,INR
500,1001,DIP00727AA,PLUXEE INDIA PRIVATE LIMI,AALCS9822Q,IN,CI,C1,,0001,1AC0426YUV,87.5,2026-04-15,2027-03-31,AL,20895111,INR
500,1081,DIK00512AA,KINNECT MEDIA PRIVATE LIMITED,ABACS0806Q,IN,JI,J1,,0001,1NA0526XPB,45,2026-05-21,2027-03-31,AL,20000000,INR
500,1081,DIK00512AA,KINNECT MEDIA PRIVATE LIMITED,ABACS0806Q,IN,JP,J1,,0001,1NA0526XPB,45,2026-05-21,2027-03-31,AL,20000000,INR
500,1079,DIT00875AA,THE INDIAN PERFORMING RIGHT,AAACT1594K,IN,JI,J1,,0001,4AA0526QJR4A242,70,2026-05-06,2027-03-31,AL,2900000,
500,1001,DIT00875AA,THE INDIAN PERFORMING RIGHT,AAACT1594K,IN,JI,J1,,0001,4AA0526QJR4A551,70,2026-05-06,2027-03-31,AL,1200000,INR
500,1001,DIC00858AB,CLR FACILITY SERVICES PVT LTD,AADCC5478N,IN,CI,C1,,0001,1NB0526SDZ,92.5,2026-05-29,2027-03-31,AL,28702897,INR
500,1001,DIC00858AA,CLR FACILITY SERVICES PVT LTD,AADCC5478N,IN,CI,C1,,0001,1NB0526SDZ,92.5,2026-05-29,2027-03-31,AL,28702897,INR
500,1081,DIM01158AB,MLL EXPRESS SERVICES PRIVATE,AACCV3947L,IN,CI,C1,,0001,1AD0526PNS,87.5,2026-05-25,2027-03-31,AL,150000000,INR
500,1001,DIK00212AA,KRIOS INFO SOLUTIONS PRIV,AAFCT7273G,IN,JP,J1,,0001,1NC0726CFF,75,2026-07-14,2027-03-31,AL,180000000,INR
500,1001,DIK00212AA,KRIOS INFO SOLUTIONS PRIV,AAFCT7273G,IN,JI,J1,,0001,1NC0726CFF,75,2026-07-14,2027-03-31,AL,180000000,INR
500,1001,DIF00077AA,FREIGHT SYSTEMS (INDIA),AAACF0677K,IN,CI,C1,,0001,1AD0526MBZ,50,2026-05-21,2027-03-31,AL,4100000,INR
500,1081,DIF00077AA,FREIGHT SYSTEMS (INDIA),AAACF0677K,IN,CI,C1,,0001,1AD0526MCS,50,2026-05-21,2026-09-30,AL,800000,INR
500,1081,DIX00023AC,Xtelify,AABCW6047M,IN,JI,J1,,0001,1AD0526NGJ,77.5,2026-05-21,2027-03-31,AL,56525104,INR
500,1001,DIJ00281AA,JIO HAPTIK TECHNOLOGIES,AAGCR2800L,IN,JI,J1,,0001,1AF0426FEG,95,2026-04-23,2027-03-31,AL,3000000,INR
500,1001,DIT00485AA,TERRIER SECURITY SERVICES,AADCT1832F,IN,CI,C1,,0001,1AA0426VTK,75,2026-04-02,2027-03-31,AL,12992344,INR
500,1081,DIS00698AB,SAFE & SECURE LOGISTICS,AAGCS5100E,IN,CI,C1,,0001,1AC0625VUO,75,2025-06-13,2026-03-31,AL,25000000,INR
500,1001,DIV00395AA,VSERV INFOSYSTEMS PRIVATE,AAFCV6101M,IN,CI,C1,,0001,1NB0926BLY,12.5,2026-09-21,2027-03-31,AL,10754762,INR
500,1001,DIV00395AA,VSERV INFOSYSTEMS PRIVATE,AAFCV6101M,IN,LI,L1,,0001,1NB0926BOK,50,2026-09-21,2027-03-31,AL,915756,INR
500,1001,DIO00139AB,Om Logistics Supply Chain Private,AAECO4660K,IN,CI,C1,,0001,1AG0426GGL,67.5,2026-04-29,2027-03-31,AL,25569000,INR
500,1081,DIM01158AF,MLL EXPRESS SERVICES PRIVATE,AACCV3947L,IN,CI,C1,,0001,1AD0526PNS,87.5,2026-05-25,2027-03-31,AL,150000000,INR
500,1079,DIF00108AB,FLYJAC LOGISTICS PRIVATE,AABCF2133M,IN,CI,C1,,0001,1NF0726FMH,50,2026-07-30,2027-03-31,AL,4027553,INR
500,1081,DIF00108AB,FLYJAC LOGISTICS PRIVATE,AABCF2133M,IN,CI,C1,,0001,1NF0726FMJ,50,2026-07-30,2027-03-31,AL,21867716,INR
500,1081,DIP00333AB,PARAMTECH ENGINEERING SER,AAHCP6576C,IN,JI,J1,,0001,1NA0826DJW,84,2026-08-06,2027-03-31,AL,36241947,INR
500,1081,DIM00398AR,MAHINDRA LOGISTICS LTD,AAFCM2530H,IN,CI,C1,,0001,1AD0426EMP,60,2026-04-16,2027-03-31,AL,3423983036,INR
500,1081,DIM01158AZ,MLL EXPRESS SERVICES PRIVATE,AACCV3947L,IN,CI,C1,,0001,1AD0526PNS,87.5,2026-05-25,2027-03-31,AL,150000000,INR
500,1001,DIT00610AA,TeamLease Services Pvt. Ltd.,AABCT5458K,IN,CI,C1,,0001,1AB0326MHW,95,2026-04-01,2027-03-31,AL,314374365,INR
500,1081,DIT00610AA,TeamLease Services Pvt. Ltd.,AABCT5458K,IN,CI,C1,,0001,1AB0326MIN,95,2026-04-01,2027-03-31,AL,7850918,INR
500,1001,DID00203AA,DMC FINISHING SCHOOL PRIVATE,AAKCD4723A,IN,CI,C1,,0001,1AD0526EYR,25,2026-05-19,2027-03-31,AL,953528000,INR
500,1001,DIT00472AA,THE AUTOMOTIVE RESEARCH,AAATT1989P,IN,JI,J3,,0001,1AD0526CUH,100,2026-05-19,2027-03-31,AL,350000000,INR
500,1001,DIT00472AB,THE AUTOMOTIVE RESEARCH,AAATT1989P,IN,JI,J3,,0001,1AD0526CUH,100,2026-05-19,2027-03-31,AL,350000000,INR
500,1001,DIT00472AB,THE AUTOMOTIVE RESEARCH,AAATT1989P,IN,JP,J3,,0001,1AD0526CUH,100,2026-05-19,2027-03-31,AL,350000000,INR
500,1081,DIM01158AG,MLL EXPRESS SERVICES PRIVATE,AACCV3947L,IN,CI,C1,,0001,1AD0526PNS,87.5,2026-05-25,2027-03-31,AL,150000000,INR
500,1081,DIT00548AA,TALENT HIRED-THE JOB STOR,AAECT4240J,IN,JI,J1,,0001,1AF0426WOG,88,2026-04-27,2027-03-31,AL,13799000,INR
500,1001,DIS00651AA,SEABIRD LOGISOLUTIONS LIMITED,AAECM3609A,IN,CI,C1,,0001,1AA0525TRB,75,2025-05-03,2026-03-31,AL,11242481,INR
500,1001,DID00155AA,DACHSER INDIA PVT LTD,AACCA7791D,IN,CP,C1,,0001,1AB0526LDF,12.5,2026-05-12,2027-03-31,AL,129544037,INR
500,1001,DID00155AA,DACHSER INDIA PVT LTD,AACCA7791D,IN,CI,C1,,0001,1AB0526LDF,12.5,2026-05-12,2027-03-31,AL,129544037,INR
500,1081,DIM01158AR,MLL EXPRESS SERVICES PRIVATE,AACCV3947L,IN,CI,C1,,0001,1AD0526PNS,87.5,2026-05-25,2027-03-31,AL,150000000,INR
500,1081,DIM01158AS,MLL EXPRESS SERVICES PRIVATE,AACCV3947L,IN,CI,C1,,0001,1AD0526PNS,87.5,2026-05-25,2027-03-31,AL,150000000,INR
500,1081,DIM01158AI,MLL EXPRESS SERVICES PRIVATE,AACCV3947L,IN,CI,C1,,0001,1AD0526PNS,87.5,2026-05-25,2027-03-31,AL,150000000,INR
500,1081,DIM01158AW,MLL EXPRESS SERVICES PRIVATE,AACCV3947L,IN,CI,C1,,0001,1AD0526PNS,87.5,2026-05-25,2027-03-31,AL,150000000,INR
500,1079,DIM00398AL,MAHINDRA LOGISTICS LIMITED,AAFCM2530H,IN,CI,C1,,0001,1AD0426EMO,60,2026-04-16,2027-03-31,AL,1202274130,INR
500,1081,DIM00398AL,MAHINDRA LOGISTICS LIMITED,AAFCM2530H,IN,CI,C1,,0001,1AD0426EMP,60,2026-04-16,2027-03-31,AL,3423983036,INR