Document_No,Expected_Issues
2510000001,NO_ISSUE
2310000002,NO_ISSUE
2510000003,NO_ISSUE
2310000004,NO_ISSUE
2310000005,NO_ISSUE
2310000006,NO_ISSUE
2510000007,NO_ISSUE
2510000008,NO_ISSUE
2310000009,NO_ISSUE
2510000010,NO_ISSUE
2310000011,NO_ISSUE
2310000012,NO_ISSUE
2310000013,NO_ISSUE
2310000014,NO_ISSUE
2310000015,NO_ISSUE
2510000016,NO_ISSUE
2310000017,NO_ISSUE
2510000018,NO_ISSUE
2310000019,NO_ISSUE
2510000020,NO_ISSUE
2510000021,NO_ISSUE
2310000022,NO_ISSUE
2510000023,NO_ISSUE
2310000024,NO_ISSUE
1100000025,NO_ISSUE
1100000026,NO_ISSUE
1100000027,NO_ISSUE
1100000028,NO_ISSUE
2510000029,NO_ISSUE
2510000030,NO_ISSUE
1100000031,NO_ISSUE
2610000032,NO_ISSUE
1100000033,NO_ISSUE
2610000034,NO_ISSUE
2610000035,NO_ISSUE
2310000036,NO_ISSUE
2510000037,NO_ISSUE
2610000038,NO_ISSUE
1100000039,NO_ISSUE
2310000040,NO_ISSUE
2610000041,NO_ISSUE
2610000042,NO_ISSUE
2310000043,NO_ISSUE
1100000044,NO_ISSUE
1100000045,NO_ISSUE
2510000046,NO_ISSUE
1100000047,NO_ISSUE
2610000048,NO_ISSUE
2310000049,NO_ISSUE
2510000050,NO_ISSUE
2510000051,NO_ISSUE
1100000052,NO_ISSUE
2310000053,NO_ISSUE
1100000054,NO_ISSUE
2610000055,NO_ISSUE
2310000056,NO_ISSUE
1100000057,NO_ISSUE
2310000058,NO_ISSUE
1100000059,NO_ISSUE
2510000060,NO_ISSUE
2510000061,NO_ISSUE
2610000062,NO_ISSUE
2610000063,NO_ISSUE
2310000064,NO_ISSUE
2510000065,NO_ISSUE
2610000066,NO_ISSUE
1100000067,NO_ISSUE
1100000068,NO_ISSUE
1100000069,NO_ISSUE
2310000070,NO_ISSUE
1100000071,NO_ISSUE
1100000072,NO_ISSUE
2610000073,NO_ISSUE
2510000074,NO_ISSUE
1100000075,NO_ISSUE
2310000076,NO_ISSUE
2310000077,NO_ISSUE
2510000078,NO_ISSUE
2610000079,NO_ISSUE
2310000080,NO_ISSUE
2510000081,NO_ISSUE
2510000082,NO_ISSUE
2510000083,NO_ISSUE
2510000084,NO_ISSUE
2310000085,NO_ISSUE
1100000086,NO_ISSUE
2510000087,NO_ISSUE
1100000088,NO_ISSUE
2310000089,NO_ISSUE
2510000090,NO_ISSUE
2510000091,NO_ISSUE
2510000092,NO_ISSUE
2310000093,NO_ISSUE
1100000094,NO_ISSUE
2510000095,NO_ISSUE
2310000096,NO_ISSUE
1100000097,NO_ISSUE
2510000098,NO_ISSUE
1100000099,NO_ISSUE
1100000100,NO_ISSUE
1100000101,NO_ISSUE
2510000102,NO_ISSUE
2610000103,NO_ISSUE
1100000104,NO_ISSUE
2510000105,NO_ISSUE
2510000106,NO_ISSUE
2510000107,NO_ISSUE
2610000108,NO_ISSUE
2510000109,NO_ISSUE
2510000110,NO_ISSUE
2610000111,NO_ISSUE
2510000112,NO_ISSUE
2310000113,NO_ISSUE
2310000114,NO_ISSUE
2310000115,NO_ISSUE
2310000116,NO_ISSUE
1100000117,NO_ISSUE
2310000118,NO_ISSUE
2510000119,NO_ISSUE
2510000120,NO_ISSUE
2310000121,NO_ISSUE
2310000122,NO_ISSUE
2510000123,NO_ISSUE
2610000124,NO_ISSUE
2510000125,NO_ISSUE
1100000126,NO_ISSUE
2510000127,NO_ISSUE
2510000128,NO_ISSUE
2610000129,NO_ISSUE
2510000130,NO_ISSUE
2310000131,NO_ISSUE
2310000132,NO_ISSUE
2510000133,NO_ISSUE
2510000134,NO_ISSUE
2510000135,NO_ISSUE
2310000136,NO_ISSUE
2510000137,NO_ISSUE
1100000138,NO_ISSUE
2610000139,NO_ISSUE
2510000140,NO_ISSUE
2510000141,NO_ISSUE
2310000142,NO_ISSUE
2310000143,NO_ISSUE
1100000144,NO_ISSUE
2310000145,NO_ISSUE
2310000146,NO_ISSUE
2310000147,NO_ISSUE
2510000148,NO_ISSUE
1100000149,NO_ISSUE
2510000150,NO_ISSUE
2610000151,NO_ISSUE
2510000152,NO_ISSUE
2510000153,NO_ISSUE
2510000154,NO_ISSUE
2310000155,NO_ISSUE
2510000156,NO_ISSUE
2510000157,NO_ISSUE
1100000158,NO_ISSUE
2610000159,NO_ISSUE
1100000160,NO_ISSUE
1100000161,NO_ISSUE
2510000162,NO_ISSUE
2310000163,NO_ISSUE
2510000164,NO_ISSUE
2510000165,NO_ISSUE
2310000166,NO_ISSUE
2510000167,NO_ISSUE
2510000168,NO_ISSUE
1100000169,NO_ISSUE
2310000170,NO_ISSUE
2510000171,NO_ISSUE
2510000172,NO_ISSUE
2310000173,NO_ISSUE
2310000174,NO_ISSUE
2510000175,NO_ISSUE
2510000176,NO_ISSUE
2510000177,NO_ISSUE
2310000178,NO_ISSUE
2510000179,NO_ISSUE
1100000180,NO_ISSUE
1100000181,NO_ISSUE
2510000182,NO_ISSUE
2510000183,NO_ISSUE
2310000184,NO_ISSUE
1100000185,NO_ISSUE
2510000186,NO_ISSUE
2310000187,NO_ISSUE
2510000188,NO_ISSUE
2610000189,NO_ISSUE
1100000190,NO_ISSUE
1100000191,NO_ISSUE
2610000192,NO_ISSUE
1100000193,NO_ISSUE
2610000194,NO_ISSUE
2510000195,NO_ISSUE
2310000196,NO_ISSUE
2510000197,NO_ISSUE
2510000198,NO_ISSUE
2610000199,NO_ISSUE
2610000200,NO_ISSUE
2310000201,NO_ISSUE
2510000202,NO_ISSUE
2510000203,NO_ISSUE
1100000204,NO_ISSUE
2310000205,NO_ISSUE
2610000206,NO_ISSUE
2310000207,NO_ISSUE
2510000208,NO_ISSUE
2310000209,NO_ISSUE
2310000210,NO_ISSUE
2610000211,NO_ISSUE
2510000212,NO_ISSUE
1100000213,NO_ISSUE
2610000214,NO_ISSUE
2610000215,NO_ISSUE
2610000216,NO_ISSUE
2310000217,NO_ISSUE
2310000218,NO_ISSUE
2310000219,NO_ISSUE
2310000220,NO_ISSUE
2310000221,NO_ISSUE
1100000222,NO_ISSUE
2610000223,NO_ISSUE
2610000224,NO_ISSUE
2510000225,NO_ISSUE
2510000226,NO_ISSUE
1100000227,NO_ISSUE
2610000228,NO_ISSUE
2510000229,NO_ISSUE
2310000230,NO_ISSUE
2510000231,NO_ISSUE
2510000232,NO_ISSUE
1100000233,NO_ISSUE
2510000234,NO_ISSUE
1100000235,NO_ISSUE
1100000236,NO_ISSUE
2510000237,NO_ISSUE
2610000238,NO_ISSUE
1100000239,NO_ISSUE
2510000240,NO_ISSUE
2610000241,NO_ISSUE
2510000242,NO_ISSUE
2510000243,NO_ISSUE
2510000244,NO_ISSUE
2610000245,NO_ISSUE
2610000246,NO_ISSUE
2610000247,NO_ISSUE
2310000248,NO_ISSUE
1100000249,NO_ISSUE
2310000250,NO_ISSUE
2510000251,NO_ISSUE
2610000252,NO_ISSUE
2510000253,NO_ISSUE
1100000254,NO_ISSUE
1100000255,NO_ISSUE
2510000256,NO_ISSUE
1100000257,NO_ISSUE
2510000258,NO_ISSUE
2510000259,NO_ISSUE
1100000260,NO_ISSUE
2510000261,NO_ISSUE
2510000262,NO_ISSUE
1100000263,NO_ISSUE
2310000264,NO_ISSUE
2510000265,NO_ISSUE
2510000266,NO_ISSUE
2310000267,NO_ISSUE
2310000268,NO_ISSUE
2510000269,NO_ISSUE
1100000270,NO_ISSUE
2310000271,NO_ISSUE
2310000272,NO_ISSUE
2310000273,NO_ISSUE
2510000274,NO_ISSUE
2610000275,NO_ISSUE
2310000276,NO_ISSUE
1100000277,NO_ISSUE
1100000278,NO_ISSUE
2310000279,NO_ISSUE
2610000280,NO_ISSUE
2310000281,NO_ISSUE
1100000282,NO_ISSUE
2510000283,NO_ISSUE
2310000284,NO_ISSUE
2610000285,NO_ISSUE
2310000286,NO_ISSUE
2310000287,NO_ISSUE
2510000288,NO_ISSUE
2610000289,NO_ISSUE
2610000290,NO_ISSUE
1100000291,NO_ISSUE
2510000292,NO_ISSUE
2310000293,NO_ISSUE
2510000294,NO_ISSUE
2510000295,NO_ISSUE
1100000296,NO_ISSUE
2610000297,NO_ISSUE
2310000298,NO_ISSUE
2610000299,NO_ISSUE
2310000300,NO_ISSUE
1100000301,NO_ISSUE
2610000302,NO_ISSUE
2610000303,NO_ISSUE
2510000304,NO_ISSUE
1100000305,NO_ISSUE
2310000306,NO_ISSUE
2610000307,NO_ISSUE
2510000308,NO_ISSUE
2310000309,NO_ISSUE
2510000310,NO_ISSUE
1100000311,NO_ISSUE
2310000312,NO_ISSUE
2510000313,NO_ISSUE
2310000314,NO_ISSUE
1100000315,NO_ISSUE
1100000316,NO_ISSUE
2610000317,NO_ISSUE
2310000318,NO_ISSUE
2510000319,NO_ISSUE
2310000320,NO_ISSUE
2510000321,NO_ISSUE
1100000322,NO_ISSUE
2310000323,NO_ISSUE
1100000324,NO_ISSUE
2510000325,NO_ISSUE
2510000326,NO_ISSUE
2610000327,NO_ISSUE
2310000328,NO_ISSUE
2610000329,NO_ISSUE
2610000330,NO_ISSUE
2310000331,NO_ISSUE
1100000332,NO_ISSUE
2310000333,NO_ISSUE
2310000334,NO_ISSUE
2610000335,NO_ISSUE
2510000336,NO_ISSUE
2510000337,NO_ISSUE
2610000338,NO_ISSUE
2510000339,NO_ISSUE
2510000340,NO_ISSUE
2510000341,NO_ISSUE
2510000342,NO_ISSUE
2510000343,NO_ISSUE
2510000344,NO_ISSUE
2310000345,NO_ISSUE
2310000346,NO_ISSUE
2310000347,NO_ISSUE
2310000348,NO_ISSUE
2610000349,NO_ISSUE
2510000350,NO_ISSUE
2510000351,NO_ISSUE
2610000352,NO_ISSUE
2510000353,NO_ISSUE
1100000354,NO_ISSUE
1100000355,NO_ISSUE
2310000356,NO_ISSUE
2510000357,NO_ISSUE
2510000358,NO_ISSUE
1100000359,NO_ISSUE
2610000360,NO_ISSUE
2510000361,NO_ISSUE
1100000362,NO_ISSUE
1100000363,NO_ISSUE
2510000364,NO_ISSUE
1100000365,NO_ISSUE
2310000366,NO_ISSUE
2310000367,NO_ISSUE
2510000368,NO_ISSUE
2310000369,NO_ISSUE
2510000370,NO_ISSUE
2510000371,NO_ISSUE
2510000372,NO_ISSUE
2310000373,NO_ISSUE
2510000374,NO_ISSUE
2510000375,NO_ISSUE
2310000376,NO_ISSUE
2510000377,NO_ISSUE
1100000378,NO_ISSUE
1100000379,NO_ISSUE
2610000380,NO_ISSUE
1100000381,NO_ISSUE
2510000382,NO_ISSUE
2310000383,NO_ISSUE
2510000384,NO_ISSUE
2310000385,NO_ISSUE
2310000386,NO_ISSUE
2510000387,NO_ISSUE
2310000388,NO_ISSUE
2510000389,NO_ISSUE
2510000390,NO_ISSUE
2510000391,NO_ISSUE
2310000392,NO_ISSUE
1100000393,NO_ISSUE
2610000394,NO_ISSUE
2610000395,NO_ISSUE
2510000396,NO_ISSUE
2610000397,NO_ISSUE
2510000398,NO_ISSUE
1100000399,NO_ISSUE
2510000400,NO_ISSUE
2610000401,NO_ISSUE
2510000402,NO_ISSUE
2510000403,NO_ISSUE
2510000404,NO_ISSUE
1100000405,NO_ISSUE
2510000406,NO_ISSUE
1100000407,NO_ISSUE
2310000408,NO_ISSUE
2510000409,NO_ISSUE
1100000410,NO_ISSUE
2510000411,NO_ISSUE
1100000412,NO_ISSUE
2510000413,NO_ISSUE
2510000414,NO_ISSUE
2510000415,NO_ISSUE
1100000416,NO_ISSUE
2310000417,NO_ISSUE
2610000418,NO_ISSUE
2510000419,NO_ISSUE
1100000420,NO_ISSUE
2610000421,NO_ISSUE
2510000422,NO_ISSUE
2510000423,NO_ISSUE
2510000424,NO_ISSUE
2610000425,NO_ISSUE
2510000426,NO_ISSUE
2610000427,NO_ISSUE
2510000428,NO_ISSUE
2510000429,NO_ISSUE
2510000430,NO_ISSUE
2610000431,NO_ISSUE
2510000432,NO_ISSUE
2510000433,NO_ISSUE
2510000434,NO_ISSUE
2510000435,NO_ISSUE
2610000436,NO_ISSUE
2310000437,NO_ISSUE
2510000438,NO_ISSUE
2610000439,NO_ISSUE
2310000440,NO_ISSUE
2310000441,NO_ISSUE
1100000442,NO_ISSUE
2510000443,NO_ISSUE
2610000444,NO_ISSUE
2310000445,NO_ISSUE
2310000446,NO_ISSUE
2510000447,NO_ISSUE
2510000448,NO_ISSUE
2310000449,NO_ISSUE
2610000450,NO_ISSUE
2510000451,NO_ISSUE
2610000452,NO_ISSUE
2610000453,NO_ISSUE
2610000454,NO_ISSUE
2510000455,NO_ISSUE
2510000456,NO_ISSUE
2310000457,NO_ISSUE
1100000458,NO_ISSUE
2610000459,NO_ISSUE
2510000460,NO_ISSUE
2310000461,NO_ISSUE
2310000462,NO_ISSUE
1100000463,NO_ISSUE
2510000464,NO_ISSUE
2510000465,NO_ISSUE
2610000466,NO_ISSUE
1100000467,NO_ISSUE
2510000468,NO_ISSUE
2310000469,NO_ISSUE
2510000470,NO_ISSUE
2310000471,NO_ISSUE
2510000472,NO_ISSUE
2610000473,NO_ISSUE
1100000474,NO_ISSUE
2610000475,NO_ISSUE
2510000476,NO_ISSUE
1100000477,NO_ISSUE
2510000478,NO_ISSUE
1100000479,NO_ISSUE
2310000480,NO_ISSUE
2610000481,NO_ISSUE
2610000482,NO_ISSUE
2610000483,NO_ISSUE
2510000484,NO_ISSUE
1100000485,NO_ISSUE
2610000486,NO_ISSUE
2510000487,NO_ISSUE
2610000488,NO_ISSUE
2510000489,NO_ISSUE
2510000490,NO_ISSUE
2510000491,NO_ISSUE
2510000492,NO_ISSUE
2510000493,NO_ISSUE
1100000494,NO_ISSUE
2510000495,NO_ISSUE
1100000496,NO_ISSUE
2610000497,NO_ISSUE
2510000498,NO_ISSUE
2510000499,NO_ISSUE
2310000500,NO_ISSUE
2510000501,NO_ISSUE
2610000502,NO_ISSUE
2510000503,NO_ISSUE
1100000504,NO_ISSUE
2310000505,NO_ISSUE
2510000506,NO_ISSUE
2310000507,NO_ISSUE
2510000508,NO_ISSUE
2610000509,NO_ISSUE
1100000510,NO_ISSUE
2510000511,NO_ISSUE
2510000512,NO_ISSUE
2610000513,NO_ISSUE
2310000514,NO_ISSUE
2510000515,NO_ISSUE
2310000516,NO_ISSUE
2310000517,NO_ISSUE
2510000518,NO_ISSUE
2610000519,NO_ISSUE
2510000520,NO_ISSUE
2510000521,NO_ISSUE
1100000522,NO_ISSUE
2510000523,NO_ISSUE
2310000524,NO_ISSUE
1100000525,NO_ISSUE
1100000526,NO_ISSUE
2310000527,NO_ISSUE
2310000528,NO_ISSUE
2510000529,NO_ISSUE
2610000530,NO_ISSUE
2510000531,NO_ISSUE
1100000532,NO_ISSUE
2310000533,NO_ISSUE
2310000534,NO_ISSUE
2510000535,NO_ISSUE
2510000536,NO_ISSUE
1100000537,NO_ISSUE
2310000538,NO_ISSUE
2310000539,NO_ISSUE
2510000540,NO_ISSUE
2510000541,NO_ISSUE
2510000542,NO_ISSUE
2510000543,NO_ISSUE
1100000544,NO_ISSUE
2510000545,NO_ISSUE
2610000546,NO_ISSUE
2310000547,NO_ISSUE
1100000548,NO_ISSUE
2510000549,NO_ISSUE
2510000550,NO_ISSUE
2610000551,NO_ISSUE
2510000552,NO_ISSUE
2310000553,NO_ISSUE
2510000554,NO_ISSUE
2510000555,NO_ISSUE
2510000556,NO_ISSUE
2510000557,NO_ISSUE
2610000558,NO_ISSUE
1100000559,NO_ISSUE
2510000560,NO_ISSUE
2510000561,NO_ISSUE
2310000562,NO_ISSUE
2510000563,NO_ISSUE
2310000564,NO_ISSUE
2610000565,NO_ISSUE
2510000566,NO_ISSUE
1100000567,NO_ISSUE
2510000568,NO_ISSUE
2610000569,NO_ISSUE
2610000570,NO_ISSUE
2510000571,NO_ISSUE
2510000572,NO_ISSUE
2510000573,NO_ISSUE
2510000574,NO_ISSUE
2510000575,NO_ISSUE
2610000576,NO_ISSUE
1100000577,NO_ISSUE
2510000578,NO_ISSUE
2310000579,NO_ISSUE
2510000580,NO_ISSUE
2510000581,NO_ISSUE
2510000582,NO_ISSUE
2510000583,NO_ISSUE
2510000584,NO_ISSUE
2510000585,NO_ISSUE
2610000586,NO_ISSUE
2610000587,NO_ISSUE
1100000588,NO_ISSUE
2610000589,NO_ISSUE
2610000590,NO_ISSUE
2310000591,NO_ISSUE
2510000592,NO_ISSUE
2310000593,NO_ISSUE
1100000594,NO_ISSUE
1100000595,NO_ISSUE
2510000596,NO_ISSUE
2310000597,NO_ISSUE
2510000598,NO_ISSUE
2310000599,NO_ISSUE
2510000600,NO_ISSUE
2510000601,NO_ISSUE
2310000602,NO_ISSUE
1100000603,NO_ISSUE
2510000604,NO_ISSUE
2310000605,NO_ISSUE
2310000606,NO_ISSUE
2510000607,NO_ISSUE
2310000608,NO_ISSUE
2510000609,NO_ISSUE
2510000610,NO_ISSUE
2310000611,NO_ISSUE
2510000612,NO_ISSUE
2610000613,NO_ISSUE
1100000614,NO_ISSUE
2510000615,NO_ISSUE
2510000616,NO_ISSUE
2310000617,NO_ISSUE
2510000618,NO_ISSUE
2310000619,NO_ISSUE
2610000620,NO_ISSUE
2310000621,NO_ISSUE
2510000622,NO_ISSUE
2510000623,NO_ISSUE
2510000624,NO_ISSUE
2610000625,NO_ISSUE
2310000626,NO_ISSUE
2610000627,NO_ISSUE
2510000628,NO_ISSUE
1100000629,NO_ISSUE
1100000630,NO_ISSUE
2610000631,NO_ISSUE
2510000632,NO_ISSUE
2510000633,NO_ISSUE
2510000634,NO_ISSUE
2310000635,NO_ISSUE
2610000636,NO_ISSUE
2510000637,NO_ISSUE
2310000638,NO_ISSUE
2510000639,NO_ISSUE
2310000640,NO_ISSUE
2510000641,NO_ISSUE
2510000642,NO_ISSUE
2510000643,NO_ISSUE
2510000644,NO_ISSUE
2310000645,NO_ISSUE
2510000646,NO_ISSUE
2310000647,NO_ISSUE
2310000648,NO_ISSUE
2510000649,NO_ISSUE
2610000650,NO_ISSUE
2510000651,NO_ISSUE
2510000652,NO_ISSUE
1100000653,NO_ISSUE
2310000654,NO_ISSUE
2610000655,NO_ISSUE
2510000656,NO_ISSUE
2310000657,NO_ISSUE
2510000658,NO_ISSUE
2310000659,NO_ISSUE
1100000660,NO_ISSUE
2310000661,NO_ISSUE
2610000662,NO_ISSUE
2610000663,NO_ISSUE
2610000664,NO_ISSUE
2310000665,NO_ISSUE
1100000666,NO_ISSUE
2510000667,NO_ISSUE
2610000668,NO_ISSUE
2510000669,NO_ISSUE
2510000670,NO_ISSUE
1100000671,NO_ISSUE
1100000672,NO_ISSUE
2510000673,NO_ISSUE
1100000674,NO_ISSUE
2310000675,NO_ISSUE
2610000676,NO_ISSUE
2510000677,NO_ISSUE
1100000678,NO_ISSUE
1100000679,NO_ISSUE
2510000680,NO_ISSUE
2510000681,NO_ISSUE
2310000682,NO_ISSUE
1100000683,NO_ISSUE
2610000684,NO_ISSUE
2510000685,NO_ISSUE
2510000686,NO_ISSUE
2510000687,NO_ISSUE
2510000688,NO_ISSUE
2610000689,NO_ISSUE
2610000690,NO_ISSUE
1100000691,NO_ISSUE
2510000692,NO_ISSUE
2510000693,NO_ISSUE
2610000694,NO_ISSUE
2610000695,NO_ISSUE
2510000696,NO_ISSUE
2310000697,NO_ISSUE
2510000698,NO_ISSUE
2510000699,NO_ISSUE
1100000700,NO_ISSUE
2510000701,SHORT_TDS
2510000702,SHORT_TDS
2510000703,SHORT_TDS
2310000704,SHORT_TDS
2310000705,SHORT_TDS
2310000706,SHORT_TDS
2510000707,SHORT_TDS
2310000708,SHORT_TDS
2310000709,SHORT_TDS
2510000710,SHORT_TDS
2310000711,SHORT_TDS
2510000712,SHORT_TDS
2510000713,SHORT_TDS
2510000714,SHORT_TDS
2310000715,SHORT_TDS
2310000716,SHORT_TDS
2310000717,SHORT_TDS
2310000718,SHORT_TDS
2510000719,SHORT_TDS
2510000720,SHORT_TDS
2510000721,SHORT_TDS
2510000722,SHORT_TDS
2310000723,SHORT_TDS
2310000724,SHORT_TDS
2310000725,SHORT_TDS
2310000726,SHORT_TDS
2510000727,SHORT_TDS
2510000728,SHORT_TDS
2510000729,SHORT_TDS
2310000730,SHORT_TDS
2510000731,SHORT_TDS
2510000732,SHORT_TDS
2510000733,SHORT_TDS
2510000734,SHORT_TDS
2510000735,SHORT_TDS
2310000736,SHORT_TDS
2510000737,SHORT_TDS
2310000738,SHORT_TDS
2310000739,SHORT_TDS
2310000740,SHORT_TDS
2510000741,EXCESS_TDS
2510000742,EXCESS_TDS
2310000743,EXCESS_TDS
2510000744,EXCESS_TDS
2510000745,EXCESS_TDS
2510000746,EXCESS_TDS
2310000747,EXCESS_TDS
2310000748,EXCESS_TDS
2510000749,EXCESS_TDS
2510000750,EXCESS_TDS
2310000751,EXCESS_TDS
2310000752,EXCESS_TDS
2510000753,EXCESS_TDS
2310000754,EXCESS_TDS
2510000755,EXCESS_TDS
2310000756,EXCESS_TDS
2310000757,EXCESS_TDS
2510000758,EXCESS_TDS
2510000759,EXCESS_TDS
2310000760,EXCESS_TDS
2510000761,EXCESS_TDS
2310000762,EXCESS_TDS
2310000763,EXCESS_TDS
2510000764,EXCESS_TDS
2310000765,EXCESS_TDS
2510000766,EXCESS_TDS
2310000767,EXCESS_TDS
2310000768,EXCESS_TDS
2510000769,EXCESS_TDS
2310000770,EXCESS_TDS
2510000771,EXCESS_TDS
2310000772,EXCESS_TDS
2510000773,EXCESS_TDS
2310000774,EXCESS_TDS
2310000775,EXCESS_TDS
2310000776,NO_TDS_DEDUCTED
2310000777,NO_TDS_DEDUCTED
2310000778,NO_TDS_DEDUCTED
2310000779,NO_TDS_DEDUCTED
2510000780,NO_TDS_DEDUCTED
2510000781,NO_TDS_DEDUCTED
2310000782,NO_TDS_DEDUCTED
2510000783,NO_TDS_DEDUCTED
2310000784,NO_TDS_DEDUCTED
2510000785,NO_TDS_DEDUCTED
2510000786,NO_TDS_DEDUCTED
2310000787,NO_TDS_DEDUCTED
2510000788,NO_TDS_DEDUCTED
2310000789,NO_TDS_DEDUCTED
2310000790,NO_TDS_DEDUCTED
2310000791,NO_TDS_DEDUCTED
2510000792,NO_TDS_DEDUCTED
2510000793,NO_TDS_DEDUCTED
2310000794,NO_TDS_DEDUCTED
2310000795,NO_TDS_DEDUCTED
2510000796,NO_TDS_DEDUCTED
2510000797,NO_TDS_DEDUCTED
2510000798,NO_TDS_DEDUCTED
2510000799,NO_TDS_DEDUCTED
2310000800,NO_TDS_DEDUCTED
2510000801,NO_TDS_DEDUCTED
2510000802,NO_TDS_DEDUCTED
2310000803,NO_TDS_DEDUCTED
2310000804,NO_TDS_DEDUCTED
2510000805,NO_TDS_DEDUCTED
2310000806,NO_TDS_DEDUCTED
2310000807,NO_TDS_DEDUCTED
2310000808,NO_TDS_DEDUCTED
2310000809,NO_TDS_DEDUCTED
2310000810,NO_TDS_DEDUCTED
2510000811,NO_TDS_DEDUCTED
2510000812,NO_TDS_DEDUCTED
2510000813,NO_TDS_DEDUCTED
2310000814,NO_TDS_DEDUCTED
2510000815,NO_TDS_DEDUCTED
2510000816,WRONG_SECTION
2310000817,WRONG_SECTION
2310000818,WRONG_SECTION
2310000819,WRONG_SECTION
2510000820,WRONG_SECTION
2510000821,WRONG_SECTION
2310000822,WRONG_SECTION
2310000823,WRONG_SECTION
2310000824,WRONG_SECTION
2510000825,WRONG_SECTION
2510000826,WRONG_SECTION
2310000827,WRONG_SECTION
2510000828,WRONG_SECTION
2310000829,WRONG_SECTION
2510000830,WRONG_SECTION
2510000831,WRONG_SECTION
2510000832,WRONG_SECTION
2510000833,WRONG_SECTION
2510000834,WRONG_SECTION
2510000835,WRONG_SECTION
2510000836,WRONG_SECTION
2310000837,WRONG_SECTION
2510000838,WRONG_SECTION
2510000839,WRONG_SECTION
2510000840,WRONG_SECTION
2510000841,WRONG_SECTION
2310000842,WRONG_SECTION
2510000843,WRONG_SECTION
2510000844,WRONG_SECTION
2510000845,WRONG_SECTION
2310000846,WRONG_RATE
2310000847,WRONG_RATE
2310000848,WRONG_RATE
2510000849,WRONG_RATE
2510000850,WRONG_RATE
2310000851,WRONG_RATE
2310000852,WRONG_RATE
2510000853,WRONG_RATE
2310000854,WRONG_RATE
2310000855,WRONG_RATE
2310000856,WRONG_RATE
2310000857,WRONG_RATE
2310000858,WRONG_RATE
2310000859,WRONG_RATE
2510000860,WRONG_RATE
2310000861,WRONG_RATE
2510000862,WRONG_RATE
2510000863,WRONG_RATE
2510000864,WRONG_RATE
2310000865,WRONG_RATE
2310000866,WRONG_RATE
2510000867,WRONG_RATE
2510000868,WRONG_RATE
2310000869,WRONG_RATE
2310000870,WRONG_RATE
2310000871,WRONG_RATE
2510000872,WRONG_RATE
2510000873,WRONG_RATE
2310000874,WRONG_RATE
2310000875,WRONG_RATE
2510000876,TDS_NOT_APPLICABLE
2310000877,TDS_NOT_APPLICABLE
2310000878,TDS_NOT_APPLICABLE
2510000879,TDS_NOT_APPLICABLE
2310000880,TDS_NOT_APPLICABLE
2310000881,TDS_NOT_APPLICABLE
2510000882,TDS_NOT_APPLICABLE
2510000883,TDS_NOT_APPLICABLE
2510000884,TDS_NOT_APPLICABLE
2310000885,TDS_NOT_APPLICABLE
2310000886,TDS_NOT_APPLICABLE
2510000887,TDS_NOT_APPLICABLE
2310000888,TDS_NOT_APPLICABLE
2310000889,TDS_NOT_APPLICABLE
2510000890,TDS_NOT_APPLICABLE
2310000891,TDS_NOT_APPLICABLE
2510000892,TDS_NOT_APPLICABLE
2310000893,TDS_NOT_APPLICABLE
2310000894,TDS_NOT_APPLICABLE
2310000895,TDS_NOT_APPLICABLE
2310000896,TDS_NOT_APPLICABLE
2510000897,TDS_NOT_APPLICABLE
2310000898,TDS_NOT_APPLICABLE
2310000899,TDS_NOT_APPLICABLE
2510000900,TDS_NOT_APPLICABLE
2310000901,NO_ISSUE
2510000902,NO_ISSUE
2310000903,NO_ISSUE
2310000904,NO_ISSUE
2510000905,NO_ISSUE
2310000906,NO_ISSUE
2510000907,NO_ISSUE
2510000908,NO_ISSUE
2510000909,NO_ISSUE
2510000910,NO_ISSUE
2510000911,NO_ISSUE
2510000912,NO_ISSUE
2310000913,NO_ISSUE
2310000914,NO_ISSUE
2310000915,NO_ISSUE
2510000916,"PAN_MISSING,NO_TDS_DEDUCTED"
2510000917,"PAN_MISSING,NO_TDS_DEDUCTED"
2310000918,"PAN_MISSING,NO_TDS_DEDUCTED"
2310000919,"PAN_MISSING,NO_TDS_DEDUCTED"
2310000920,"PAN_MISSING,NO_TDS_DEDUCTED"
2310000921,"PAN_MISSING,NO_TDS_DEDUCTED"
2510000922,"PAN_MISSING,NO_TDS_DEDUCTED"
2310000923,"PAN_MISSING,NO_TDS_DEDUCTED"
2310000924,"PAN_MISSING,NO_TDS_DEDUCTED"
2510000925,"PAN_MISSING,NO_TDS_DEDUCTED"
2310000926,"PAN_MISSING,NO_TDS_DEDUCTED"
2510000927,"PAN_MISSING,NO_TDS_DEDUCTED"
2310000928,"PAN_MISSING,NO_TDS_DEDUCTED"
2310000929,"PAN_MISSING,NO_TDS_DEDUCTED"
2310000930,"PAN_MISSING,NO_TDS_DEDUCTED"
2510000931,"PAN_MISSING,NO_TDS_DEDUCTED"
2310000932,"PAN_MISSING,NO_TDS_DEDUCTED"
2310000933,"PAN_MISSING,NO_TDS_DEDUCTED"
2310000934,"PAN_MISSING,NO_TDS_DEDUCTED"
2310000935,"PAN_MISSING,NO_TDS_DEDUCTED"
2510000936,"PAN_INVALID,PAN_MISSING_SHORT"
2510000937,"PAN_INVALID,PAN_MISSING_SHORT"
2310000938,"PAN_INVALID,PAN_MISSING_SHORT"
2510000939,"PAN_INVALID,PAN_MISSING_SHORT"
2510000940,"PAN_INVALID,PAN_MISSING_SHORT"
2310000941,"PAN_INVALID,PAN_MISSING_SHORT"
2510000942,"PAN_INVALID,PAN_MISSING_SHORT"
2310000943,"PAN_INVALID,PAN_MISSING_SHORT"
2510000944,"PAN_INVALID,PAN_MISSING_SHORT"
2310000945,"PAN_INVALID,PAN_MISSING_SHORT"
2510000946,"PAN_INVALID,PAN_MISSING_SHORT"
2510000947,"PAN_INVALID,PAN_MISSING_SHORT"
2310000948,"PAN_INVALID,PAN_MISSING_SHORT"
2310000949,"PAN_INVALID,PAN_MISSING_SHORT"
2510000950,"PAN_INVALID,PAN_MISSING_SHORT"
2510000951,"PAN_INVALID,PAN_MISSING_SHORT"
2510000952,"PAN_INVALID,PAN_MISSING_SHORT"
2510000953,"PAN_INVALID,PAN_MISSING_SHORT"
2510000954,"PAN_INVALID,PAN_MISSING_SHORT"
2510000955,"PAN_INVALID,PAN_MISSING_SHORT"
2310000956,PAN_FORMAT_INVALID
2510000957,PAN_FORMAT_INVALID
2510000958,PAN_FORMAT_INVALID
2510000959,PAN_FORMAT_INVALID
2310000960,PAN_FORMAT_INVALID
2310000961,PAN_FORMAT_INVALID
2310000962,PAN_FORMAT_INVALID
2510000963,PAN_FORMAT_INVALID
2510000964,PAN_FORMAT_INVALID
2510000965,PAN_FORMAT_INVALID
2310000966,PAN_FORMAT_INVALID
2310000967,PAN_FORMAT_INVALID
2510000968,PAN_FORMAT_INVALID
2310000969,PAN_FORMAT_INVALID
2510000970,PAN_FORMAT_INVALID
2310000971,PAN_FORMAT_INVALID
2310000972,PAN_FORMAT_INVALID
2310000973,PAN_FORMAT_INVALID
2310000974,PAN_FORMAT_INVALID
2510000975,PAN_FORMAT_INVALID
2310000976,PAN_MISSING_20PCT_CORRECT
2310000977,PAN_MISSING_20PCT_CORRECT
2510000978,PAN_MISSING_20PCT_CORRECT
2310000979,PAN_MISSING_20PCT_CORRECT
2310000980,PAN_MISSING_20PCT_CORRECT
2510000981,PAN_MISSING_20PCT_CORRECT
2310000982,PAN_MISSING_20PCT_CORRECT
2510000983,PAN_MISSING_20PCT_CORRECT
2510000984,PAN_MISSING_20PCT_CORRECT
2310000985,PAN_MISSING_20PCT_CORRECT
2510000986,PAN_MISSING_20PCT_CORRECT
2310000987,PAN_MISSING_20PCT_CORRECT
2510000988,PAN_MISSING_20PCT_CORRECT
2510000989,PAN_MISSING_20PCT_CORRECT
2310000990,PAN_MISSING_20PCT_CORRECT
2510000991,PAN_MISSING_20PCT_CORRECT
2310000992,PAN_MISSING_20PCT_CORRECT
2510000993,PAN_MISSING_20PCT_CORRECT
2510000994,PAN_MISSING_20PCT_CORRECT
2310000995,PAN_MISSING_20PCT_CORRECT
2310000996,PAN_MISSING_20PCT_CORRECT
2310000997,PAN_MISSING_20PCT_CORRECT
2510000998,PAN_MISSING_20PCT_CORRECT
2510000999,PAN_MISSING_20PCT_CORRECT
2310001000,PAN_MISSING_20PCT_CORRECT
2510001001,PAN_MISSING_NORMAL_RATE
2310001002,PAN_MISSING_NORMAL_RATE
2510001003,PAN_MISSING_NORMAL_RATE
2310001004,PAN_MISSING_NORMAL_RATE
2510001005,PAN_MISSING_NORMAL_RATE
2510001006,PAN_MISSING_NORMAL_RATE
2310001007,PAN_MISSING_NORMAL_RATE
2310001008,PAN_MISSING_NORMAL_RATE
2310001009,PAN_MISSING_NORMAL_RATE
2510001010,PAN_MISSING_NORMAL_RATE
2310001011,PAN_MISSING_NORMAL_RATE
2510001012,PAN_MISSING_NORMAL_RATE
2510001013,PAN_MISSING_NORMAL_RATE
2310001014,PAN_MISSING_NORMAL_RATE
2310001015,PAN_MISSING_NORMAL_RATE
2510001016,PAN_MISSING_NORMAL_RATE
2310001017,PAN_MISSING_NORMAL_RATE
2310001018,PAN_MISSING_NORMAL_RATE
2510001019,PAN_MISSING_NORMAL_RATE
2310001020,PAN_MISSING_NORMAL_RATE
2510001021,PAN_MISSING_NORMAL_RATE
2510001022,PAN_MISSING_NORMAL_RATE
2310001023,PAN_MISSING_NORMAL_RATE
2510001024,PAN_MISSING_NORMAL_RATE
2310001025,PAN_MISSING_NORMAL_RATE
2310001026,"PAN_MISSING,NO_TDS_DEDUCTED"
2510001027,"PAN_MISSING,NO_TDS_DEDUCTED"
2310001028,"PAN_MISSING,NO_TDS_DEDUCTED"
2310001029,"PAN_MISSING,NO_TDS_DEDUCTED"
2310001030,"PAN_MISSING,NO_TDS_DEDUCTED"
2510001031,"PAN_MISSING,NO_TDS_DEDUCTED"
2310001032,"PAN_MISSING,NO_TDS_DEDUCTED"
2310001033,"PAN_MISSING,NO_TDS_DEDUCTED"
2510001034,"PAN_MISSING,NO_TDS_DEDUCTED"
2310001035,"PAN_MISSING,NO_TDS_DEDUCTED"
2510001036,"PAN_MISSING,NO_TDS_DEDUCTED"
2310001037,"PAN_MISSING,NO_TDS_DEDUCTED"
2510001038,"PAN_MISSING,NO_TDS_DEDUCTED"
2310001039,"PAN_MISSING,NO_TDS_DEDUCTED"
2310001040,"PAN_MISSING,NO_TDS_DEDUCTED"
2510001041,"PAN_MISSING,NO_TDS_DEDUCTED"
2510001042,"PAN_MISSING,NO_TDS_DEDUCTED"
2310001043,"PAN_MISSING,NO_TDS_DEDUCTED"
2310001044,"PAN_MISSING,NO_TDS_DEDUCTED"
2510001045,"PAN_MISSING,NO_TDS_DEDUCTED"
2310001046,LDC
2510001047,LDC
2510001048,LDC
2510001049,LDC
2510001050,LDC
2510001051,LDC
2310001052,LDC
2510001053,LDC
2310001054,LDC
2510001055,LDC
2510001056,LDC
2510001057,LDC
2310001058,LDC
2510001059,LDC
2310001060,LDC
2310001061,LDC
2510001062,LDC
2510001063,LDC
2310001064,LDC
2510001065,LDC
2510001066,"EXPIRED_LDC,WRONG_LDC_RATE"
2510001067,"EXPIRED_LDC,WRONG_LDC_RATE"
2510001068,"EXPIRED_LDC,WRONG_LDC_RATE"
2310001069,"EXPIRED_LDC,WRONG_LDC_RATE"
2510001070,"EXPIRED_LDC,WRONG_LDC_RATE"
2510001071,"EXPIRED_LDC,WRONG_LDC_RATE"
2310001072,"EXPIRED_LDC,WRONG_LDC_RATE"
2310001073,"EXPIRED_LDC,WRONG_LDC_RATE"
2310001074,"EXPIRED_LDC,WRONG_LDC_RATE"
2510001075,"EXPIRED_LDC,WRONG_LDC_RATE"
2510001076,"EXPIRED_LDC,WRONG_LDC_RATE"
2310001077,"EXPIRED_LDC,WRONG_LDC_RATE"
2510001078,"EXPIRED_LDC,WRONG_LDC_RATE"
2510001079,"EXPIRED_LDC,WRONG_LDC_RATE"
2510001080,"EXPIRED_LDC,WRONG_LDC_RATE"
2310001081,"EXPIRED_LDC,WRONG_LDC_RATE"
2310001082,"EXPIRED_LDC,WRONG_LDC_RATE"
2510001083,"EXPIRED_LDC,WRONG_LDC_RATE"
2510001084,"EXPIRED_LDC,WRONG_LDC_RATE"
2310001085,"EXPIRED_LDC,WRONG_LDC_RATE"
2310001086,WRONG_LDC_RATE
2510001087,WRONG_LDC_RATE
2510001088,WRONG_LDC_RATE
2510001089,WRONG_LDC_RATE
2510001090,WRONG_LDC_RATE
2310001091,WRONG_LDC_RATE
2510001092,WRONG_LDC_RATE
2510001093,WRONG_LDC_RATE
2510001094,WRONG_LDC_RATE
2310001095,WRONG_LDC_RATE
2310001096,WRONG_LDC_RATE
2510001097,WRONG_LDC_RATE
2510001098,WRONG_LDC_RATE
2510001099,WRONG_LDC_RATE
2310001100,WRONG_LDC_RATE
2310001101,WRONG_LDC_RATE
2310001102,WRONG_LDC_RATE
2310001103,WRONG_LDC_RATE
2310001104,WRONG_LDC_RATE
2510001105,WRONG_LDC_RATE
2510001106,THRESHOLD_NOT_CROSSED
2510001107,THRESHOLD_NOT_CROSSED
2310001108,THRESHOLD_NOT_CROSSED
2310001109,THRESHOLD_NOT_CROSSED
2310001110,THRESHOLD_NOT_CROSSED
2510001111,THRESHOLD_NOT_CROSSED
2510001112,THRESHOLD_NOT_CROSSED
2310001113,THRESHOLD_NOT_CROSSED
2310001114,THRESHOLD_NOT_CROSSED
2510001115,THRESHOLD_NOT_CROSSED
2310001116,THRESHOLD_NOT_CROSSED
2510001117,THRESHOLD_NOT_CROSSED
2510001118,THRESHOLD_NOT_CROSSED
2310001119,THRESHOLD_NOT_CROSSED
2310001120,THRESHOLD_NOT_CROSSED
2310001121,NO_ISSUE
2510001122,NO_ISSUE
2310001123,NO_ISSUE
2510001124,NO_ISSUE
2310001125,NO_ISSUE
2510001126,NO_ISSUE
2510001127,NO_ISSUE
2510001128,NO_ISSUE
2310001129,NO_ISSUE
2510001130,NO_ISSUE
2510001131,NO_ISSUE
2310001132,"THRESHOLD_CROSSED,NO_TDS_DEDUCTED,FY_THRESHOLD"
2310001133,"THRESHOLD_CROSSED,NO_TDS_DEDUCTED,FY_THRESHOLD"
2310001134,"THRESHOLD_CROSSED,NO_TDS_DEDUCTED,FY_THRESHOLD"
2310001135,"THRESHOLD_CROSSED,NO_TDS_DEDUCTED,FY_THRESHOLD"
2510001136,"THRESHOLD_CROSSED,NO_TDS_DEDUCTED,FY_THRESHOLD"
2310001137,"THRESHOLD_CROSSED,NO_TDS_DEDUCTED,FY_THRESHOLD"
2310001138,"THRESHOLD_CROSSED,NO_TDS_DEDUCTED,FY_THRESHOLD"
2510001139,"THRESHOLD_CROSSED,NO_TDS_DEDUCTED,FY_THRESHOLD"
2310001140,"THRESHOLD_CROSSED,NO_TDS_DEDUCTED,FY_THRESHOLD"
2310001141,"THRESHOLD_CROSSED,NO_TDS_DEDUCTED,FY_THRESHOLD"
2510001142,"THRESHOLD_CROSSED,NO_TDS_DEDUCTED,FY_THRESHOLD"
2310001143,NO_ISSUE
2310001144,NO_ISSUE
2310001145,NO_ISSUE
2310001146,NO_ISSUE
2310001147,NO_ISSUE
2510001148,NO_ISSUE
2310001149,NO_ISSUE
2310001150,NO_ISSUE
2510001151,NO_ISSUE
2510001152,NO_ISSUE
2510001153,"THRESHOLD_CROSSED,NO_TDS_DEDUCTED"
2510001154,"THRESHOLD_CROSSED,NO_TDS_DEDUCTED"
2510001155,"THRESHOLD_CROSSED,NO_TDS_DEDUCTED"
2310001156,"THRESHOLD_CROSSED,NO_TDS_DEDUCTED"
2510001157,"THRESHOLD_CROSSED,NO_TDS_DEDUCTED"
2310001158,"THRESHOLD_CROSSED,NO_TDS_DEDUCTED"
2510001159,"THRESHOLD_CROSSED,NO_TDS_DEDUCTED"
2510001160,"THRESHOLD_CROSSED,NO_TDS_DEDUCTED"
2310001161,"THRESHOLD_CROSSED,NO_TDS_DEDUCTED"
2510001162,"THRESHOLD_CROSSED,NO_TDS_DEDUCTED"
2310001163,NO_ISSUE
2510001164,DUPLICATE_INVOICE
2310001165,NO_ISSUE
2310001166,DUPLICATE_INVOICE
2510001167,NO_ISSUE
2310001168,DUPLICATE_INVOICE
2310001169,NO_ISSUE
2310001170,DUPLICATE_INVOICE
2510001171,NO_ISSUE
2310001172,DUPLICATE_INVOICE
2510001173,NO_ISSUE
2510001174,DUPLICATE_INVOICE
2510001175,NO_ISSUE
2510001176,DUPLICATE_INVOICE
2510001177,NO_ISSUE
2310001178,DUPLICATE_INVOICE
2310001179,NO_ISSUE
2510001180,DUPLICATE_INVOICE
2310001181,NO_ISSUE
2310001182,DUPLICATE_INVOICE
2310001183,NO_ISSUE
2510001184,DUPLICATE_INVOICE
2310001185,NO_ISSUE
2510001186,DUPLICATE_INVOICE
2310001187,NO_ISSUE
2310001188,DUPLICATE_INVOICE
2510001189,NO_ISSUE
2510001190,DUPLICATE_INVOICE
2310001191,NO_ISSUE
2510001192,DUPLICATE_INVOICE
2610001193,NO_ISSUE
2610001194,DUPLICATE_PAYMENT
2610001195,NO_ISSUE
2610001196,DUPLICATE_PAYMENT
2610001197,NO_ISSUE
2610001198,DUPLICATE_PAYMENT
2610001199,NO_ISSUE
2610001200,DUPLICATE_PAYMENT
2610001201,NO_ISSUE
2610001202,DUPLICATE_PAYMENT
2610001203,NO_ISSUE
2610001204,DUPLICATE_PAYMENT
2610001205,NO_ISSUE
2610001206,DUPLICATE_PAYMENT
2610001207,NO_ISSUE
2610001208,DUPLICATE_PAYMENT
2610001209,NO_ISSUE
2610001210,DUPLICATE_PAYMENT
2610001211,NO_ISSUE
2610001212,DUPLICATE_PAYMENT
2610001213,NO_ISSUE
2610001214,DUPLICATE_PAYMENT
2610001215,NO_ISSUE
2610001216,DUPLICATE_PAYMENT
2310001217,CREDIT_NOTE
2310001218,CREDIT_NOTE
2310001219,CREDIT_NOTE
2310001220,CREDIT_NOTE
2310001221,CREDIT_NOTE
2310001222,CREDIT_NOTE
2310001223,CREDIT_NOTE
2310001224,CREDIT_NOTE
2310001225,CREDIT_NOTE
2310001226,CREDIT_NOTE
2310001227,CREDIT_NOTE
2310001228,CREDIT_NOTE
2310001229,CREDIT_NOTE
2310001230,CREDIT_NOTE
2310001231,CREDIT_NOTE
2310001232,CREDIT_NOTE
2310001233,CREDIT_NOTE
2310001234,CREDIT_NOTE
2310001235,CREDIT_NOTE
2310001236,CREDIT_NOTE
2310001237,DEBIT_NOTE
2310001238,DEBIT_NOTE
2310001239,DEBIT_NOTE
2310001240,DEBIT_NOTE
2310001241,DEBIT_NOTE
2310001242,DEBIT_NOTE
2310001243,DEBIT_NOTE
2310001244,DEBIT_NOTE
2310001245,DEBIT_NOTE
2310001246,DEBIT_NOTE
2310001247,DEBIT_NOTE
2310001248,DEBIT_NOTE
2310001249,DEBIT_NOTE
2310001250,DEBIT_NOTE
2310001251,DEBIT_NOTE
2310001252,DEBIT_NOTE
2310001253,DEBIT_NOTE
2310001254,DEBIT_NOTE
2310001255,DEBIT_NOTE
2310001256,DEBIT_NOTE
2310001257,"ADVANCE,NO_TDS_DEDUCTED"
2310001258,"ADVANCE,NO_TDS_DEDUCTED"
2310001259,"ADVANCE,NO_TDS_DEDUCTED"
2310001260,"ADVANCE,NO_TDS_DEDUCTED"
2310001261,"ADVANCE,NO_TDS_DEDUCTED"
2310001262,"ADVANCE,NO_TDS_DEDUCTED"
2310001263,"ADVANCE,NO_TDS_DEDUCTED"
2310001264,"ADVANCE,NO_TDS_DEDUCTED"
2310001265,"ADVANCE,NO_TDS_DEDUCTED"
2310001266,"ADVANCE,NO_TDS_DEDUCTED"
2310001267,"ADVANCE,NO_TDS_DEDUCTED"
2310001268,"ADVANCE,NO_TDS_DEDUCTED"
2310001269,"ADVANCE,NO_TDS_DEDUCTED"
2310001270,"ADVANCE,NO_TDS_DEDUCTED"
2310001271,"ADVANCE,NO_TDS_DEDUCTED"
2310001272,"ADVANCE,NO_TDS_DEDUCTED"
2310001273,"ADVANCE,NO_TDS_DEDUCTED"
2310001274,"ADVANCE,NO_TDS_DEDUCTED"
2310001275,"ADVANCE,NO_TDS_DEDUCTED"
2310001276,"ADVANCE,NO_TDS_DEDUCTED"
2310001277,"ADVANCE,NO_TDS_DEDUCTED"
2310001278,"ADVANCE,NO_TDS_DEDUCTED"
2310001279,"ADVANCE,NO_TDS_DEDUCTED"
2310001280,"ADVANCE,NO_TDS_DEDUCTED"
2310001281,"ADVANCE,NO_TDS_DEDUCTED"
2310001282,ADVANCE
2310001283,ADVANCE
2310001284,ADVANCE
2310001285,ADVANCE
2310001286,ADVANCE
2310001287,ADVANCE
2310001288,ADVANCE
2310001289,ADVANCE
2310001290,ADVANCE
2310001291,ADVANCE
2310001292,ADVANCE
2310001293,ADVANCE
2310001294,ADVANCE
2310001295,ADVANCE
2310001296,ADVANCE
2310001297,ADVANCE
2310001298,ADVANCE
2310001299,ADVANCE
2310001300,ADVANCE
2310001301,ADVANCE
2310001302,PARTIAL_ADVANCE
2310001303,PARTIAL_ADVANCE
2310001304,PARTIAL_ADVANCE
2310001305,PARTIAL_ADVANCE
2310001306,PARTIAL_ADVANCE
2310001307,PARTIAL_ADVANCE
2310001308,PARTIAL_ADVANCE
2310001309,PARTIAL_ADVANCE
2310001310,PARTIAL_ADVANCE
2310001311,PARTIAL_ADVANCE
2310001312,PARTIAL_ADVANCE
2310001313,PARTIAL_ADVANCE
2310001314,PARTIAL_ADVANCE
2310001315,PARTIAL_ADVANCE
2310001316,PARTIAL_ADVANCE
2310001317,PARTIAL_ADVANCE
2310001318,PARTIAL_ADVANCE
2310001319,PARTIAL_ADVANCE
2310001320,PARTIAL_ADVANCE
2310001321,PARTIAL_ADVANCE
2510001322,NO_ISSUE
2510001323,MULTIPLE_INVOICES
2510001324,MULTIPLE_INVOICES
2510001325,MULTIPLE_INVOICES
2310001326,MULTIPLE_INVOICES
2510001327,MULTIPLE_INVOICES
2310001328,MULTIPLE_INVOICES
2510001329,MULTIPLE_INVOICES
2310001330,MULTIPLE_INVOICES
2510001331,MULTIPLE_INVOICES
2510001332,MULTIPLE_INVOICES
2310001333,MULTIPLE_INVOICES
2510001334,MULTIPLE_INVOICES
2510001335,MULTIPLE_INVOICES
2310001336,MULTIPLE_INVOICES
2310001337,MULTIPLE_INVOICES
2310001338,MULTIPLE_INVOICES
2510001339,MULTIPLE_INVOICES
2510001340,MULTIPLE_INVOICES
2310001341,MULTIPLE_INVOICES
2510001342,MULTIPLE_INVOICES
2510001343,MULTIPLE_INVOICES
2310001344,MULTIPLE_INVOICES
2310001345,MULTIPLE_INVOICES
2510001346,MULTIPLE_INVOICES
2510001347,MULTIPLE_INVOICES
2310001348,MULTIPLE_INVOICES
2510001349,MULTIPLE_INVOICES
2510001350,MULTIPLE_INVOICES
2510001351,MULTIPLE_INVOICES
2310001352,WRONG_GL
2510001353,WRONG_GL
2510001354,WRONG_GL
2510001355,WRONG_GL
2510001356,WRONG_GL
2510001357,WRONG_GL
2310001358,WRONG_GL
2310001359,WRONG_GL
2510001360,WRONG_GL
2310001361,WRONG_GL
2510001362,WRONG_GL
2310001363,WRONG_GL
2310001364,WRONG_GL
2310001365,WRONG_GL
2310001366,WRONG_GL
2310001367,WRONG_GL
2510001368,WRONG_GL
2310001369,WRONG_GL
2310001370,WRONG_GL
2510001371,WRONG_GL
2310001372,WRONG_GL
2310001373,WRONG_GL
2310001374,WRONG_GL
2310001375,WRONG_GL
2310001376,WRONG_GL
2510001377,"WRONG_VENDOR_TYPE,WRONG_RATE"
2310001378,"WRONG_VENDOR_TYPE,WRONG_RATE"
2510001379,"WRONG_VENDOR_TYPE,WRONG_RATE"
2310001380,"WRONG_VENDOR_TYPE,WRONG_RATE"
2310001381,"WRONG_VENDOR_TYPE,WRONG_RATE"
2310001382,"WRONG_VENDOR_TYPE,WRONG_RATE"
2510001383,"WRONG_VENDOR_TYPE,WRONG_RATE"
2310001384,"WRONG_VENDOR_TYPE,WRONG_RATE"
2310001385,"WRONG_VENDOR_TYPE,WRONG_RATE"
2510001386,"WRONG_VENDOR_TYPE,WRONG_RATE"
2510001387,"WRONG_VENDOR_TYPE,WRONG_RATE"
2510001388,"WRONG_VENDOR_TYPE,WRONG_RATE"
2310001389,"WRONG_VENDOR_TYPE,WRONG_RATE"
2310001390,"WRONG_VENDOR_TYPE,WRONG_RATE"
2510001391,"WRONG_VENDOR_TYPE,WRONG_RATE"
2310001392,"WRONG_VENDOR_TYPE,WRONG_RATE"
2510001393,"WRONG_VENDOR_TYPE,WRONG_RATE"
2310001394,"WRONG_VENDOR_TYPE,WRONG_RATE"
2510001395,"WRONG_VENDOR_TYPE,WRONG_RATE"
2310001396,"WRONG_VENDOR_TYPE,WRONG_RATE"
2310001397,VENDOR_MISSING
2310001398,VENDOR_MISSING
2310001399,VENDOR_MISSING
2310001400,VENDOR_MISSING
2510001401,VENDOR_MISSING
2510001402,VENDOR_MISSING
2510001403,VENDOR_MISSING
2310001404,VENDOR_MISSING
2310001405,VENDOR_MISSING
2510001406,VENDOR_MISSING
2510001407,VENDOR_MISSING
2510001408,VENDOR_MISSING
2310001409,VENDOR_MISSING
2510001410,VENDOR_MISSING
2510001411,VENDOR_MISSING
2510001412,VENDOR_MISSING
2310001413,VENDOR_MISSING
2510001414,VENDOR_MISSING
2510001415,VENDOR_MISSING
2510001416,VENDOR_MISSING
2310001417,VENDOR_BLOCKED
2510001418,VENDOR_BLOCKED
2310001419,VENDOR_BLOCKED
2510001420,VENDOR_BLOCKED
2310001421,VENDOR_BLOCKED
2510001422,VENDOR_BLOCKED
2310001423,VENDOR_BLOCKED
2510001424,VENDOR_BLOCKED
2310001425,VENDOR_BLOCKED
2510001426,VENDOR_BLOCKED
2310001427,VENDOR_BLOCKED
2310001428,VENDOR_BLOCKED
2310001429,VENDOR_BLOCKED
2310001430,VENDOR_BLOCKED
2310001431,VENDOR_BLOCKED
2310001432,VENDOR_BLOCKED
2510001433,VENDOR_BLOCKED
2510001434,VENDOR_BLOCKED
2510001435,VENDOR_BLOCKED
2310001436,VENDOR_BLOCKED
2310001437,GSTIN_PRESENT_PAN_MISSING
2510001438,GSTIN_PRESENT_PAN_MISSING
2510001439,GSTIN_PRESENT_PAN_MISSING
2310001440,GSTIN_PRESENT_PAN_MISSING
2310001441,GSTIN_PRESENT_PAN_MISSING
2310001442,GSTIN_PRESENT_PAN_MISSING
2510001443,GSTIN_PRESENT_PAN_MISSING
2510001444,GSTIN_PRESENT_PAN_MISSING
2310001445,GSTIN_PRESENT_PAN_MISSING
2310001446,GSTIN_PRESENT_PAN_MISSING
2310001447,GSTIN_PRESENT_PAN_MISSING
2310001448,GSTIN_PRESENT_PAN_MISSING
2510001449,GSTIN_PRESENT_PAN_MISSING
2510001450,GSTIN_PRESENT_PAN_MISSING
2510001451,GSTIN_PRESENT_PAN_MISSING
2510001452,GSTIN_PRESENT_PAN_MISSING
2310001453,GSTIN_PRESENT_PAN_MISSING
2510001454,GSTIN_PRESENT_PAN_MISSING
2510001455,GSTIN_PRESENT_PAN_MISSING
2510001456,GSTIN_PRESENT_PAN_MISSING
2510001457,NO_ISSUE
1050001458,REVERSE_ENTRY
2510001459,NO_ISSUE
1050001460,REVERSE_ENTRY
2510001461,NO_ISSUE
1050001462,REVERSE_ENTRY
2510001463,NO_ISSUE
1050001464,REVERSE_ENTRY
2510001465,NO_ISSUE
1050001466,REVERSE_ENTRY
2510001467,NO_ISSUE
1050001468,REVERSE_ENTRY
2510001469,NO_ISSUE
1050001470,REVERSE_ENTRY
2510001471,NO_ISSUE
1050001472,REVERSE_ENTRY
2510001473,NO_ISSUE
1050001474,REVERSE_ENTRY
2510001475,NO_ISSUE
1050001476,REVERSE_ENTRY
2510001477,NO_ISSUE
1050001478,REVERSE_ENTRY
2510001479,NO_ISSUE
1050001480,REVERSE_ENTRY
2510001481,NO_ISSUE
1050001482,REVERSE_ENTRY
2510001483,NO_ISSUE
1050001484,REVERSE_ENTRY
2510001485,NO_ISSUE
1050001486,REVERSE_ENTRY
2510001487,NO_ISSUE
1050001488,REVERSE_ENTRY
2510001489,NO_ISSUE
1050001490,REVERSE_ENTRY
2510001491,NO_ISSUE
1050001492,REVERSE_ENTRY
2510001493,NO_ISSUE
1050001494,REVERSE_ENTRY
2510001495,NO_ISSUE
1050001496,REVERSE_ENTRY
1050001497,ADJUSTMENT_ENTRY
1050001498,ADJUSTMENT_ENTRY
1050001499,ADJUSTMENT_ENTRY
1050001500,ADJUSTMENT_ENTRY
1050001501,ADJUSTMENT_ENTRY
1050001502,ADJUSTMENT_ENTRY
1050001503,ADJUSTMENT_ENTRY
1050001504,ADJUSTMENT_ENTRY
1050001505,ADJUSTMENT_ENTRY
1050001506,ADJUSTMENT_ENTRY
1050001507,ADJUSTMENT_ENTRY
1050001508,ADJUSTMENT_ENTRY
1050001509,ADJUSTMENT_ENTRY
1050001510,ADJUSTMENT_ENTRY
1050001511,ADJUSTMENT_ENTRY
1050001512,ADJUSTMENT_ENTRY
1050001513,ADJUSTMENT_ENTRY
1050001514,ADJUSTMENT_ENTRY
1050001515,ADJUSTMENT_ENTRY
1050001516,ADJUSTMENT_ENTRY
1100001517,NEGATIVE_TDS
1100001518,POSITIVE_TDS
1100001519,NEGATIVE_TDS
1100001520,POSITIVE_TDS
1100001521,NEGATIVE_TDS
1100001522,POSITIVE_TDS
1100001523,NEGATIVE_TDS
1100001524,POSITIVE_TDS
1100001525,NEGATIVE_TDS
1100001526,POSITIVE_TDS
1100001527,NEGATIVE_TDS
1100001528,POSITIVE_TDS
1100001529,NEGATIVE_TDS
1100001530,POSITIVE_TDS
1100001531,NEGATIVE_TDS
1100001532,POSITIVE_TDS
1100001533,NEGATIVE_TDS
1100001534,POSITIVE_TDS
1100001535,NEGATIVE_TDS
1100001536,POSITIVE_TDS
1100001537,NEGATIVE_TDS
1100001538,POSITIVE_TDS
1100001539,NEGATIVE_TDS
1100001540,POSITIVE_TDS
1100001541,NEGATIVE_TDS
1100001542,POSITIVE_TDS
1100001543,NEGATIVE_TDS
1100001544,POSITIVE_TDS
1100001545,NEGATIVE_TDS
1100001546,POSITIVE_TDS
1100001547,NEGATIVE_TDS
1100001548,POSITIVE_TDS
1100001549,NEGATIVE_TDS
1100001550,POSITIVE_TDS
1100001551,NEGATIVE_TDS
1100001552,POSITIVE_TDS
1100001553,NEGATIVE_TDS
1100001554,POSITIVE_TDS
1100001555,NEGATIVE_TDS
1100001556,POSITIVE_TDS
1100001557,NEGATIVE_TDS
1100001558,POSITIVE_TDS
1100001559,NEGATIVE_TDS
1100001560,POSITIVE_TDS
1100001561,NEGATIVE_TDS
1100001562,POSITIVE_TDS
1100001563,NEGATIVE_TDS
1100001564,POSITIVE_TDS
1100001565,NEGATIVE_TDS
1100001566,POSITIVE_TDS
2510001567,NO_ISSUE
2510001568,NO_ISSUE
2510001569,NO_ISSUE
2510001570,NO_ISSUE
2510001571,NO_ISSUE
2510001572,NO_ISSUE
2510001573,NO_ISSUE
2510001574,NO_ISSUE
2610001575,NO_ISSUE
2610001576,NO_ISSUE
2610001577,NO_ISSUE
2610001578,NO_ISSUE
2610001579,NO_ISSUE
2610001580,NO_ISSUE
2610001581,NO_ISSUE
2610001582,NO_ISSUE
2310001583,NO_ISSUE
2310001584,NO_ISSUE
2310001585,NO_ISSUE
2310001586,NO_ISSUE
2310001587,NO_ISSUE
2310001588,NO_ISSUE
2310001589,NO_ISSUE
2310001590,NO_ISSUE
1050001591,NO_ISSUE
1050001592,NO_ISSUE
1050001593,NO_ISSUE
1050001594,NO_ISSUE
1050001595,NO_ISSUE
1050001596,NO_ISSUE
1050001597,NO_ISSUE
1050001598,NO_ISSUE
1100001599,NO_ISSUE
1100001600,NO_ISSUE
1100001601,NO_ISSUE
1100001602,NO_ISSUE
1100001603,NO_ISSUE
1100001604,NO_ISSUE
1100001605,NO_ISSUE
1100001606,NO_ISSUE
2310141607,NO_ISSUE
2310141608,NO_ISSUE
2310141609,NO_ISSUE
2310141610,NO_ISSUE
2310141611,NO_ISSUE
2310141612,NO_ISSUE
2310141613,NO_ISSUE
2310141614,NO_ISSUE
1100391615,NO_ISSUE
1100391616,NO_ISSUE
1100391617,NO_ISSUE
1100391618,NO_ISSUE
1100391619,NO_ISSUE
1100391620,NO_ISSUE
1100391621,NO_ISSUE
1100391622,NO_ISSUE
2510421623,NO_ISSUE
2510421624,NO_ISSUE
2510421625,NO_ISSUE
2510421626,NO_ISSUE
2510421627,NO_ISSUE
2510421628,NO_ISSUE
2510421629,NO_ISSUE
2510421630,NO_ISSUE
2310001631,INCORRECT_VENDOR_PAN
2510001632,INCORRECT_VENDOR_PAN
2310001633,INCORRECT_VENDOR_PAN
2310001634,INCORRECT_VENDOR_PAN
2310001635,INCORRECT_VENDOR_PAN
2510001636,INCORRECT_VENDOR_PAN
2310001637,INCORRECT_VENDOR_PAN
2310001638,INCORRECT_VENDOR_PAN
2510001639,INCORRECT_VENDOR_PAN
2310001640,INCORRECT_VENDOR_PAN
2510001641,INCORRECT_VENDOR_PAN
2510001642,INCORRECT_VENDOR_PAN
2510001643,INCORRECT_VENDOR_PAN
2310001644,INCORRECT_VENDOR_PAN
2310001645,INCORRECT_VENDOR_PAN
2310001646,INCORRECT_VENDOR_PAN
2510001647,INCORRECT_VENDOR_PAN
2510001648,INCORRECT_VENDOR_PAN
2310001649,INCORRECT_VENDOR_PAN
2510001650,INCORRECT_VENDOR_PAN
2510001651,INCORRECT_VENDOR_PAN
2510001652,INCORRECT_VENDOR_PAN
2510001653,INCORRECT_VENDOR_PAN
2310001654,INCORRECT_VENDOR_PAN
2310001655,INCORRECT_VENDOR_PAN
2510001656,NO_ISSUE
2510001657,NO_ISSUE
2510001658,NO_ISSUE
2510001659,NO_ISSUE
2510001660,NO_ISSUE
2510001661,NO_ISSUE
2310001662,NO_ISSUE
2510001663,NO_ISSUE
2310001664,NO_ISSUE
2310001665,NO_ISSUE
2310001666,NO_ISSUE
2510001667,NO_ISSUE
2510001668,NO_ISSUE
2510001669,NO_ISSUE
2510001670,NO_ISSUE
2310001671,NO_ISSUE
2510001672,NO_ISSUE
2510001673,NO_ISSUE
2310001674,NO_ISSUE
2510001675,NO_ISSUE
2510001676,NO_ISSUE
2310001677,NO_ISSUE
2310001678,NO_ISSUE
2510001679,NO_ISSUE
2510001680,NO_ISSUE
2510001681,NO_ISSUE
2510001682,NO_ISSUE
2310001683,NO_ISSUE
2310001684,NO_ISSUE
2310001685,NO_ISSUE
2510001686,NO_ISSUE
2510001687,NO_ISSUE
2510001688,NO_ISSUE
2510001689,NO_ISSUE
2510001690,NO_ISSUE
2510001691,NO_ISSUE
2510001692,"PAN_MISSING,NO_TDS_DEDUCTED"
2510001693,"WRONG_RATE,WRONG_GL"
2310001694,"WRONG_SECTION,EXCESS_TDS"
2510001695,"TDS_NOT_APPLICABLE,SHORT_TDS"
2510001696,"PAN_FORMAT_INVALID,PAN_MISSING_NORMAL_RATE"
2310001697,"PAN_MISSING,NO_TDS_DEDUCTED"
2310001698,"WRONG_RATE,WRONG_GL"
2510001699,"WRONG_SECTION,EXCESS_TDS"
2310001700,"TDS_NOT_APPLICABLE,SHORT_TDS"
2510001701,"PAN_FORMAT_INVALID,PAN_MISSING_NORMAL_RATE"
2310001702,"PAN_MISSING,NO_TDS_DEDUCTED"
2310001703,"WRONG_RATE,WRONG_GL"
2510001704,"WRONG_SECTION,EXCESS_TDS"
2310001705,"TDS_NOT_APPLICABLE,SHORT_TDS"
2310001706,"PAN_FORMAT_INVALID,PAN_MISSING_NORMAL_RATE"
2510001707,"PAN_MISSING,NO_TDS_DEDUCTED"
2510001708,"WRONG_RATE,WRONG_GL"
2510001709,"WRONG_SECTION,EXCESS_TDS"
2310001710,"TDS_NOT_APPLICABLE,SHORT_TDS"
2510001711,"PAN_FORMAT_INVALID,PAN_MISSING_NORMAL_RATE"
2310001712,"PAN_MISSING,NO_TDS_DEDUCTED"
2310001713,"WRONG_RATE,WRONG_GL"
2510001714,"WRONG_SECTION,EXCESS_TDS"
2510001715,"TDS_NOT_APPLICABLE,SHORT_TDS"
2310001716,"PAN_FORMAT_INVALID,PAN_MISSING_NORMAL_RATE"
2310001717,"PAN_MISSING,NO_TDS_DEDUCTED"
2310001718,"WRONG_RATE,WRONG_GL"
2310001719,"WRONG_SECTION,EXCESS_TDS"
2310001720,"TDS_NOT_APPLICABLE,SHORT_TDS"
2310001721,"PAN_FORMAT_INVALID,PAN_MISSING_NORMAL_RATE"
2510001722,NO_ISSUE
2510001723,NO_ISSUE
2510001724,NO_ISSUE
2510001725,NO_ISSUE
2510001726,NO_ISSUE
2510001727,NO_ISSUE
2510001728,NO_ISSUE
2510001729,NO_ISSUE
2510001730,NO_ISSUE
2510001731,NO_ISSUE
2510001732,NO_ISSUE
2510001733,NO_ISSUE
2510001734,NO_ISSUE
2510001735,NO_ISSUE
2510001736,NO_ISSUE
2510001737,NO_ISSUE
2510001738,NO_ISSUE
2510001739,NO_ISSUE
2510001740,NO_ISSUE
2510001741,NO_ISSUE
2510001742,NO_ISSUE
2510001743,NO_ISSUE
2510001744,NO_ISSUE
2510001745,NO_ISSUE
2510001746,NO_ISSUE
2510001747,NO_ISSUE
2510001748,NO_ISSUE
2510001749,NO_ISSUE
2510001750,NO_ISSUE
2510001751,NO_ISSUE
2510001752,EXCESS_TDS
2510001753,NO_TDS_DEDUCTED
2310001754,SHORT_TDS
2310001755,EXCESS_TDS
2310001756,NO_TDS_DEDUCTED
2510001757,SHORT_TDS
2510001758,EXCESS_TDS
2510001759,NO_TDS_DEDUCTED
2510001760,SHORT_TDS
2310001761,EXCESS_TDS
2310001762,NO_TDS_DEDUCTED
2510001763,SHORT_TDS
2510001764,EXCESS_TDS
2510001765,NO_TDS_DEDUCTED
2510001766,SHORT_TDS
2510001767,EXCESS_TDS
2510001768,NO_TDS_DEDUCTED
2510001769,SHORT_TDS
2310001770,EXCESS_TDS
2310001771,NO_TDS_DEDUCTED
2510001772,SHORT_TDS
2510001773,EXCESS_TDS
2310001774,NO_TDS_DEDUCTED
2310001775,SHORT_TDS
2510001776,EXCESS_TDS
2310001777,NO_TDS_DEDUCTED
2310001778,SHORT_TDS
2310001779,EXCESS_TDS
2310001780,NO_TDS_DEDUCTED
2310001781,SHORT_TDS
2310001782,EXCESS_TDS
2310001783,NO_TDS_DEDUCTED
2510001784,SHORT_TDS
2310001785,EXCESS_TDS
2310001786,NO_TDS_DEDUCTED
2310001787,SHORT_TDS
2310001788,EXCESS_TDS
2510001789,NO_TDS_DEDUCTED
2310001790,SHORT_TDS
2310001791,EXCESS_TDS
2310001792,NO_TDS_DEDUCTED
2510001793,SHORT_TDS
2310001794,EXCESS_TDS
2510001795,NO_TDS_DEDUCTED
2310001796,SHORT_TDS
2510001797,EXCESS_TDS
2510001798,NO_TDS_DEDUCTED
2510001799,SHORT_TDS
2510001800,EXCESS_TDS
2310001801,NO_TDS_DEDUCTED
2510001802,SHORT_TDS
2310001803,EXCESS_TDS
2510001804,NO_TDS_DEDUCTED
2310001805,SHORT_TDS
2310001806,EXCESS_TDS
2510001807,NO_TDS_DEDUCTED
2310001808,SHORT_TDS
2310001809,EXCESS_TDS
2310001810,NO_TDS_DEDUCTED
2510001811,SHORT_TDS
2510001812,EXCESS_TDS
2510001813,NO_TDS_DEDUCTED
2510001814,SHORT_TDS
2510001815,EXCESS_TDS
2310001816,NO_TDS_DEDUCTED
2510001817,SHORT_TDS
2310001818,EXCESS_TDS
2310001819,NO_TDS_DEDUCTED
2310001820,SHORT_TDS
2510001821,EXCESS_TDS
2310001822,NO_TDS_DEDUCTED
2510001823,SHORT_TDS
2310001824,EXCESS_TDS
2310001825,NO_TDS_DEDUCTED
2510001826,SHORT_TDS
2510001827,EXCESS_TDS
2310001828,NO_TDS_DEDUCTED
2510001829,SHORT_TDS
2510001830,EXCESS_TDS
2510001831,NO_TDS_DEDUCTED
2310001832,SHORT_TDS
2310001833,EXCESS_TDS
2310001834,NO_TDS_DEDUCTED
2310001835,SHORT_TDS
2310001836,EXCESS_TDS
2310001837,NO_TDS_DEDUCTED
2310001838,SHORT_TDS
2310001839,EXCESS_TDS
2510001840,NO_TDS_DEDUCTED
2510001841,SHORT_TDS
2510001842,EXCESS_TDS
2310001843,NO_TDS_DEDUCTED
2310001844,SHORT_TDS
2310001845,EXCESS_TDS
2310001846,NO_TDS_DEDUCTED
2310001847,SHORT_TDS
2510001848,EXCESS_TDS
2310001849,NO_TDS_DEDUCTED
2510001850,SHORT_TDS
2310001851,EXCESS_TDS
2510001852,NO_TDS_DEDUCTED
2510001853,SHORT_TDS
2310001854,EXCESS_TDS
2310001855,NO_TDS_DEDUCTED
2510001856,SHORT_TDS
2510001857,EXCESS_TDS
2510001858,NO_TDS_DEDUCTED
2310001859,SHORT_TDS
2310001860,EXCESS_TDS
2510001861,NO_TDS_DEDUCTED
2310001862,SHORT_TDS
2510001863,EXCESS_TDS
2310001864,NO_TDS_DEDUCTED
2510001865,SHORT_TDS
2310001866,EXCESS_TDS
2310001867,NO_TDS_DEDUCTED
2310001868,SHORT_TDS
2310001869,EXCESS_TDS
2510001870,NO_TDS_DEDUCTED
2310001871,SHORT_TDS
2310001872,EXCESS_TDS
2510001873,NO_TDS_DEDUCTED
2310001874,SHORT_TDS
2310001875,EXCESS_TDS
2510001876,NO_TDS_DEDUCTED
2510001877,SHORT_TDS
2510001878,EXCESS_TDS
2310001879,NO_TDS_DEDUCTED
2310001880,SHORT_TDS
2510001881,EXCESS_TDS
2310001882,NO_TDS_DEDUCTED
2310001883,SHORT_TDS
2310001884,EXCESS_TDS
2510001885,NO_TDS_DEDUCTED
2310001886,SHORT_TDS
2510001887,EXCESS_TDS
2510001888,NO_TDS_DEDUCTED
2310001889,SHORT_TDS
2310001890,EXCESS_TDS
2310001891,NO_TDS_DEDUCTED
2310001892,SHORT_TDS
2510001893,EXCESS_TDS
2510001894,NO_TDS_DEDUCTED
2510001895,SHORT_TDS
2510001896,EXCESS_TDS
2510001897,NO_TDS_DEDUCTED
2510001898,SHORT_TDS
2310001899,EXCESS_TDS
2510001900,NO_TDS_DEDUCTED
2510001901,SHORT_TDS
2510001902,EXCESS_TDS
2510001903,NO_TDS_DEDUCTED
2310001904,SHORT_TDS
2510001905,EXCESS_TDS
2310001906,NO_TDS_DEDUCTED
2310001907,SHORT_TDS
2310001908,EXCESS_TDS
2310001909,NO_TDS_DEDUCTED
2510001910,SHORT_TDS
2310001911,EXCESS_TDS
2310001912,NO_TDS_DEDUCTED
2310001913,SHORT_TDS
2510001914,EXCESS_TDS
2510001915,NO_TDS_DEDUCTED
2510001916,SHORT_TDS
2510001917,EXCESS_TDS
2310001918,NO_TDS_DEDUCTED
2510001919,SHORT_TDS
2310001920,EXCESS_TDS
2510001921,NO_TDS_DEDUCTED
2510001922,SHORT_TDS
2310001923,EXCESS_TDS
2310001924,NO_TDS_DEDUCTED
2510001925,SHORT_TDS
2310001926,EXCESS_TDS
2510001927,NO_TDS_DEDUCTED
2510001928,SHORT_TDS
2510001929,EXCESS_TDS
2310001930,NO_TDS_DEDUCTED
2310001931,SHORT_TDS
2510001932,EXCESS_TDS
2310001933,NO_TDS_DEDUCTED
2310001934,SHORT_TDS
2310001935,EXCESS_TDS
2510001936,NO_TDS_DEDUCTED
2510001937,SHORT_TDS
2310001938,EXCESS_TDS
2310001939,NO_TDS_DEDUCTED
2510001940,SHORT_TDS
2510001941,EXCESS_TDS
2510001942,NO_TDS_DEDUCTED
2510001943,SHORT_TDS
2310001944,EXCESS_TDS
2310001945,NO_TDS_DEDUCTED
2510001946,SHORT_TDS
2510001947,EXCESS_TDS
2510001948,NO_TDS_DEDUCTED
2310001949,SHORT_TDS
2310001950,EXCESS_TDS
2510001951,NO_TDS_DEDUCTED
2310001952,SHORT_TDS
2310001953,EXCESS_TDS
2310001954,NO_TDS_DEDUCTED
2510001955,SHORT_TDS
2310001956,EXCESS_TDS
2510001957,NO_TDS_DEDUCTED
2310001958,SHORT_TDS
2510001959,EXCESS_TDS
2310001960,NO_TDS_DEDUCTED
2510001961,SHORT_TDS
2510001962,EXCESS_TDS
2510001963,NO_TDS_DEDUCTED
2510001964,SHORT_TDS
2310001965,EXCESS_TDS
2510001966,NO_TDS_DEDUCTED
2310001967,SHORT_TDS
2510001968,EXCESS_TDS
2310001969,NO_TDS_DEDUCTED
2310001970,SHORT_TDS
2510001971,EXCESS_TDS
2310001972,NO_TDS_DEDUCTED
2310001973,SHORT_TDS
2510001974,EXCESS_TDS
2510001975,NO_TDS_DEDUCTED
2310001976,SHORT_TDS
2310001977,EXCESS_TDS
2510001978,NO_TDS_DEDUCTED
2310001979,SHORT_TDS
2310001980,EXCESS_TDS
2310001981,NO_TDS_DEDUCTED
2510001982,SHORT_TDS
2310001983,EXCESS_TDS
2310001984,NO_TDS_DEDUCTED
2510001985,SHORT_TDS
2310001986,EXCESS_TDS
2510001987,NO_TDS_DEDUCTED
2310001988,SHORT_TDS
2310001989,EXCESS_TDS
2310001990,NO_TDS_DEDUCTED
2310001991,SHORT_TDS
2510001992,EXCESS_TDS
2310001993,NO_TDS_DEDUCTED
2510001994,SHORT_TDS
2310001995,EXCESS_TDS
2510001996,NO_TDS_DEDUCTED
2510001997,SHORT_TDS
2510001998,EXCESS_TDS
2310001999,NO_TDS_DEDUCTED
2510002000,SHORT_TDS
